SID,Collection_Date,Taxon_name,RelAbund
14129,6/10/15,Achnanthidium minutissimum,0.689542484
14129,6/10/15,Fragilaria crotonensis,0.0049
14129,6/10/15,Melosira varians,0.0049
14129,6/10/15,Nitzschia palea,0.0049
14129,6/10/15,Reimeria sinuata,0.0098
14241,6/7/12,Achnanthes subhudsonis var. kraeuselii,0.00787
14241,6/7/12,Achnanthidium minutissimum,0.015748031
14241,6/7/12,Achnanthidium minutissimum var. gracillima,0.0063
14241,6/7/12,Cyclotella meneghiniana,0.0173
14241,6/7/12,Eolimna minima,0.0866
14241,6/7/12,Eolimna subminuscula,0.0063
14241,6/7/12,Eunotia exigua,0.00157
14241,6/7/12,Eunotia implicata,0.00472
14241,6/7/12,Melosira varians,0.0535
14241,6/7/12,Navicula antonii,0.00472
14241,6/7/12,Navicula gregaria,0.0425
14241,6/7/12,Navicula lanceolata,0.00315
14241,6/7/12,Navicula tripunctata,0.00157
14241,6/7/12,Nitzschia amphibia,0.00945
14241,6/7/12,Nitzschia palea,0.00787
14241,6/7/12,Planothidium frequentissimum,0.094488189
14241,6/7/12,Planothidium lanceolatum,0.0567
14241,6/7/12,Rhoicosphenia abbreviata,0.00945
14241,6/7/12,Rossithidium linearis,0.00315
14241,6/9/16,Achnanthes subhudsonis var. kraeuselii,0.032626427
14241,6/9/16,Achnanthidium minutissimum,0.0392
14241,6/9/16,Amphora pediculus,0.00326
14241,6/9/16,Caloneis bacillum,0.00489
14241,6/9/16,Cyclotella meneghiniana,0.00816
14241,6/9/16,Fragilaria crotonensis,0.00163
14241,6/9/16,Mayamaea permitis,0.00163
14241,6/9/16,Melosira varians,0.0261
14241,6/9/16,Navicula cryptotenella,0.00163
14241,6/9/16,Navicula gregaria,0.0767
14241,6/9/16,Nitzschia dissipata,0.00489
14241,6/9/16,Nitzschia inconspicua,0.0179
14241,6/9/16,Nitzschia palea,0.0163
14241,6/9/16,Planothidium frequentissimum,0.0848
14241,6/9/16,Planothidium lanceolatum,0.0979
14241,6/9/16,Psammothidium subatomoides,0.00163
14241,6/9/16,Rhoicosphenia abbreviata,0.00653
14241,6/9/16,Rossithidium pusillum,0.00489
14241,6/9/16,Sellaphora atomoides,0.0604
14263,6/16/14,Eolimna subminuscula,0.00614
14263,6/16/14,Navicula gregaria,0.0123
14263,6/16/14,Nitzschia inconspicua,0.517665131
14263,6/16/14,Planothidium frequentissimum,0.211981567
14263,6/16/14,Planothidium lanceolatum,0.0845
14263,6/16/14,Reimeria sinuata,0.00307
14263,6/16/14,Rhoicosphenia abbreviata,0.00307
14278,6/24/14,Achnanthidium minutissimum,0.0108
14278,6/24/14,Navicula cryptotenella,0.00309
14278,6/24/14,Rossithidium linearis,0.0155
14290,6/10/13,Achnanthidium minutissimum,0.666666667
14290,6/10/13,Eunotia implicata,0.0383
14290,6/10/13,Eunotia minor,0.00167
14293,6/20/13,Achnanthes subhudsonis var. kraeuselii,0.0117
14293,6/20/13,Achnanthidium minutissimum,0.05
14293,6/20/13,Amphora pediculus,0.045
14293,6/20/13,Cyclotella meneghiniana,0.005
14293,6/20/13,Eolimna minima,0.015
14293,6/20/13,Fragilaria crotonensis,0.0517
14293,6/20/13,Melosira varians,0.035
14293,6/20/13,Navicula antonii,0.00167
14293,6/20/13,Navicula cryptotenella,0.0267
14293,6/20/13,Navicula gregaria,0.045
14293,6/20/13,Navicula lanceolata,0.02
14293,6/20/13,Navicula tripunctata,0.0233
14293,6/20/13,Nitzschia dissipata,0.0117
14293,6/20/13,Nitzschia fonticola,0.00667
14293,6/20/13,Nitzschia palea,0.0117
14293,6/20/13,Planothidium frequentissimum,0.00167
14293,6/20/13,Planothidium lanceolatum,0.00333
14293,6/20/13,Psammothidium subatomoides,0.00167
14293,6/20/13,Reimeria sinuata,0.00333
14293,6/20/13,Rhoicosphenia abbreviata,0.0467
14293,6/20/13,Rossithidium linearis,0.015
14308,6/5/13,Achnanthes subhudsonis var. kraeuselii,0.00667
14308,6/5/13,Achnanthidium minutissimum,0.19
14308,6/5/13,Achnanthidium pyrenaicum,0.191666667
14308,6/5/13,Amphora pediculus,0.0267
14308,6/5/13,Eolimna minima,0.015
14308,6/5/13,Melosira varians,0.0817
14308,6/5/13,Navicula cryptotenella,0.0133
14308,6/5/13,Navicula gregaria,0.0183
14308,6/5/13,Nitzschia dissipata,0.01
14308,6/5/13,Nitzschia fonticola,0.00167
14308,6/5/13,Nitzschia inconspicua,0.0167
14308,6/5/13,Nitzschia palea,0.00167
14308,6/5/13,Planothidium frequentissimum,0.00667
14308,6/5/13,Reimeria sinuata,0.02
14308,6/5/13,Rhoicosphenia abbreviata,0.00667
14317,6/5/12,Achnanthes subhudsonis var. kraeuselii,0.00649
14317,6/5/12,Achnanthidium minutissimum,0.00649
14317,6/5/12,Achnanthidium pyrenaicum,0.00162
14317,6/5/12,Amphora pediculus,0.00487
14317,6/5/12,Cyclotella meneghiniana,0.0308
14317,6/5/12,Eolimna minima,0.0146
14317,6/5/12,Eolimna subminuscula,0.00649
14317,6/5/12,Melosira varians,0.00325
14317,6/5/12,Navicula antonii,0.00649
14317,6/5/12,Navicula gregaria,0.0146
14317,6/5/12,Navicula lanceolata,0.00162
14317,6/5/12,Navicula tripunctata,0.00162
14317,6/5/12,Nitzschia amphibia,0.0146
14317,6/5/12,Nitzschia fonticola,0.012987013
14317,6/5/12,Nitzschia inconspicua,0.0179
14317,6/5/12,Nitzschia palea,0.0114
14317,6/5/12,Planothidium frequentissimum,0.00162
14317,6/5/12,Planothidium lanceolatum,0.00812
14317,6/5/12,Reimeria sinuata,0.0666
14317,6/5/14,Achnanthes subhudsonis var. kraeuselii,0.026
14317,6/5/14,Achnanthidium minutissimum,0.00306
14317,6/5/14,Eolimna minima,0.00459
14317,6/5/14,Navicula antonii,0.00919
14317,6/5/14,Navicula gregaria,0.0368
14317,6/5/14,Navicula lanceolata,0.00613
14317,6/5/14,Nitzschia inconspicua,0.286370597
14317,6/5/14,Planothidium frequentissimum,0.00459
14317,6/5/14,Reimeria sinuata,0.194486983
14317,6/10/15,Achnanthes subhudsonis var. kraeuselii,0.01
14317,6/10/15,Achnanthidium minutissimum,0.02
14317,6/10/15,Fistulifera saprophila,0.005
14317,6/10/15,Mayamaea permitis,0.256666667
14317,6/10/15,Navicula gregaria,0.0333
14317,6/10/15,Navicula lanceolata,0.00667
14317,6/10/15,Nitzschia fonticola,0.0167
14317,6/10/15,Nitzschia inconspicua,0.175
14317,6/10/15,Nitzschia palea,0.00333
14317,6/10/15,Planothidium frequentissimum,0.00833
14317,6/10/15,Psammothidium subatomoides,0.00333
14317,6/10/15,Reimeria sinuata,0.161666667
14317,6/10/15,Rhoicosphenia abbreviata,0.0167
14317,6/2/16,Achnanthes subhudsonis var. kraeuselii,0.102106969
14317,6/2/16,Achnanthidium minutissimum,0.0243
14317,6/2/16,Eolimna subminuscula,0.00324
14317,6/2/16,Mayamaea permitis,0.10534846
14317,6/2/16,Melosira varians,0.00162
14317,6/2/16,Navicula gregaria,0.0113
14317,6/2/16,Nitzschia fonticola,0.00972
14317,6/2/16,Nitzschia inconspicua,0.387358185
14317,6/2/16,Nitzschia palea,0.00162
14317,6/2/16,Planothidium frequentissimum,0.0081
14317,6/2/16,Reimeria sinuata,0.106969206
14317,6/2/16,Rhoicosphenia abbreviata,0.0827
14317,6/2/16,Sellaphora atomoides,0.0162
14332,6/2/16,Achnanthes subhudsonis var. kraeuselii,0.031
14332,6/2/16,Achnanthidium minutissimum,0.0523
14332,6/2/16,Caloneis bacillum,0.00163
14332,6/2/16,Eolimna subminuscula,0.00327
14332,6/2/16,Fistulifera saprophila,0.00654
14332,6/2/16,Mayamaea permitis,0.142156863
14332,6/2/16,Melosira varians,0.0049
14332,6/2/16,Navicula gregaria,0.0343
14332,6/2/16,Navicula lanceolata,0.00163
14332,6/2/16,Nitzschia amphibia,0.00327
14332,6/2/16,Nitzschia dissipata,0.00327
14332,6/2/16,Nitzschia fonticola,0.0098
14332,6/2/16,Nitzschia inconspicua,0.312091503
14332,6/2/16,Nitzschia palea,0.00163
14332,6/2/16,Planothidium frequentissimum,0.00327
14332,6/2/16,Reimeria sinuata,0.098
14332,6/2/16,Rhoicosphenia abbreviata,0.0719
14341,6/3/16,Achnanthidium minutissimum,0.48089172
14341,6/3/16,Achnanthidium minutissimum var. gracillima,0.238853503
14341,6/3/16,Amphora pediculus,0.00159
14341,6/3/16,Navicula cryptotenella,0.00318
14341,6/3/16,Navicula gregaria,0.00159
14341,6/3/16,Navicula lanceolata,0.00318
14341,6/3/16,Nitzschia amphibia,0.00318
14341,6/3/16,Nitzschia dissipata,0.00637
14341,6/3/16,Nitzschia fonticola,0.00159
14341,6/3/16,Nitzschia inconspicua,0.00478
14341,6/3/16,Nitzschia palea,0.00637
14341,6/3/16,Reimeria sinuata,0.00159
14362,6/7/16,Achnanthidium minutissimum,0.126009693
14362,6/7/16,Amphora pediculus,0.111470113
14362,6/7/16,Caloneis bacillum,0.00323
14362,6/7/16,Cyclotella meneghiniana,0.00162
14362,6/7/16,Melosira varians,0.0291
14362,6/7/16,Navicula cryptotenella,0.00646
14362,6/7/16,Navicula gregaria,0.00323
14362,6/7/16,Navicula tripunctata,0.024232633
14362,6/7/16,Nitzschia amphibia,0.00162
14362,6/7/16,Nitzschia dissipata,0.00162
14362,6/7/16,Nitzschia inconspicua,0.158319871
14362,6/7/16,Nitzschia palea,0.00323
14362,6/7/16,Planothidium frequentissimum,0.00969
14362,6/7/16,Planothidium lanceolatum,0.00646
14362,6/7/16,Reimeria sinuata,0.0113
14362,6/7/16,Rhoicosphenia abbreviata,0.0662
14362,6/7/16,Sellaphora atomoides,0.0501
14377,6/13/12,Achnanthidium minutissimum,0.16036036
14377,6/13/12,Achnanthidium minutissimum var. gracillima,0.0018
14377,6/13/12,Cyclotella meneghiniana,0.0018
14377,6/13/12,Eolimna minima,0.0036
14377,6/13/12,Eunotia exigua,0.00541
14377,6/13/12,Eunotia implicata,0.027027027
14377,6/13/12,Melosira varians,0.0018
14377,6/13/12,Navicula antonii,0.0018
14377,6/13/12,Navicula gregaria,0.00541
14377,6/13/12,Nitzschia palea,0.00901
14377,6/13/12,Planothidium lanceolatum,0.0108
14377,6/13/12,Rossithidium linearis,0.00541
14385,6/3/16,Achnanthes subhudsonis var. kraeuselii,0.0166
14385,6/3/16,Achnanthidium minutissimum,0.287853577
14385,6/3/16,Achnanthidium minutissimum var. gracillima,0.0183
14385,6/3/16,Eunotia implicata,0.00166
14385,6/3/16,Navicula cryptotenella,0.00998
14385,6/3/16,Navicula gregaria,0.025
14385,6/3/16,Nitzschia dissipata,0.00333
14390,6/3/16,Achnanthes subhudsonis var. kraeuselii,0.0148
14390,6/3/16,Achnanthidium minutissimum,0.0934
14390,6/3/16,Eolimna subminuscula,0.0918
14390,6/3/16,Fistulifera saprophila,0.0508
14390,6/3/16,Fragilaria crotonensis,0.00984
14390,6/3/16,Mayamaea permitis,0.0672
14390,6/3/16,Melosira varians,0.0541
14390,6/3/16,Navicula cryptotenella,0.00328
14390,6/3/16,Navicula gregaria,0.0246
14390,6/3/16,Navicula lanceolata,0.00492
14390,6/3/16,Nitzschia fonticola,0.0148
14390,6/3/16,Nitzschia inconspicua,0.147540984
14390,6/3/16,Nitzschia palea,0.0131
14390,6/3/16,Planothidium frequentissimum,0.00328
14390,6/3/16,Planothidium lanceolatum,0.00164
14390,6/3/16,Reimeria sinuata,0.0344
14390,6/3/16,Rhoicosphenia abbreviata,0.1
14390,6/3/16,Sellaphora atomoides,0.0131
14392,6/6/12,Achnanthes subhudsonis var. kraeuselii,0.00166
14392,6/6/12,Achnanthidium minutissimum,0.0399
14392,6/6/12,Eolimna minima,0.111295681
14392,6/6/12,Eolimna subminuscula,0.00997
14392,6/6/12,Navicula gregaria,0.00997
14392,6/6/12,Navicula lanceolata,0.00166
14392,6/6/12,Navicula tripunctata,0.00166
14392,6/6/12,Nitzschia fonticola,0.00166
14392,6/6/12,Nitzschia inconspicua,0.104651163
14392,6/6/12,Planothidium frequentissimum,0.00498
14392,6/6/12,Reimeria sinuata,0.164451827
14392,6/5/14,Achnanthes subhudsonis var. kraeuselii,0.0112
14392,6/5/14,Achnanthidium minutissimum,0.00962
14392,6/5/14,Eolimna minima,0.0304
14392,6/5/14,Melosira varians,0.0016
14392,6/5/14,Navicula antonii,0.00321
14392,6/5/14,Navicula gregaria,0.0577
14392,6/5/14,Navicula lanceolata,0.00321
14392,6/5/14,Nitzschia amphibia,0.00321
14392,6/5/14,Nitzschia inconspicua,0.256410256
14392,6/5/14,Planothidium frequentissimum,0.0417
14392,6/5/14,Reimeria sinuata,0.153846154
14392,6/5/14,Rhoicosphenia abbreviata,0.00641
14392,6/5/14,Rossithidium linearis,0.0016
14392,7/1/15,Achnanthes subhudsonis var. kraeuselii,0.221498371
14392,7/1/15,Achnanthidium minutissimum,0.0163
14392,7/1/15,Eolimna subminuscula,0.0293
14392,7/1/15,Mayamaea permitis,0.127035831
14392,7/1/15,Navicula cryptotenella,0.00489
14392,7/1/15,Navicula gregaria,0.00814
14392,7/1/15,Nitzschia amphibia,0.00489
14392,7/1/15,Nitzschia inconspicua,0.254071661
14392,7/1/15,Nitzschia palea,0.00163
14392,7/1/15,Planothidium frequentissimum,0.0261
14392,7/1/15,Planothidium lanceolatum,0.00163
14392,7/1/15,Psammothidium subatomoides,0.00163
14392,7/1/15,Reimeria sinuata,0.0179
14392,7/1/15,Rhoicosphenia abbreviata,0.0456
14392,6/3/16,Achnanthes subhudsonis var. kraeuselii,0.0726
14392,6/3/16,Achnanthidium minutissimum,0.0495
14392,6/3/16,Achnanthidium pyrenaicum,0.0033
14392,6/3/16,Eolimna subminuscula,0.066006601
14392,6/3/16,Fistulifera saprophila,0.0512
14392,6/3/16,Mayamaea permitis,0.0495
14392,6/3/16,Navicula gregaria,0.0165
14392,6/3/16,Nitzschia amphibia,0.00495
14392,6/3/16,Nitzschia fonticola,0.0066
14392,6/3/16,Nitzschia inconspicua,0.300330033
14392,6/3/16,Planothidium frequentissimum,0.0066
14392,6/3/16,Planothidium lanceolatum,0.0182
14392,6/3/16,Reimeria sinuata,0.122112211
14392,6/3/16,Rhoicosphenia abbreviata,0.0908
14392,6/3/16,Sellaphora atomoides,0.0149
14393,6/3/16,Achnanthidium minutissimum,0.00659
14393,6/3/16,Eolimna subminuscula,0.089
14393,6/3/16,Fistulifera saprophila,0.205930807
14393,6/3/16,Mayamaea permitis,0.200988468
14393,6/3/16,Melosira varians,0.00824
14393,6/3/16,Navicula gregaria,0.00824
14393,6/3/16,Navicula lanceolata,0.00329
14393,6/3/16,Nitzschia amphibia,0.00165
14393,6/3/16,Nitzschia inconspicua,0.189456343
14393,6/3/16,Nitzschia palea,0.00494
14393,6/3/16,Planothidium frequentissimum,0.0626
14393,6/3/16,Planothidium lanceolatum,0.0264
14393,6/3/16,Reimeria sinuata,0.0395
14393,6/3/16,Rhoicosphenia abbreviata,0.00659
14393,6/3/16,Sellaphora atomoides,0.00494
14397,6/11/12,Achnanthidium minutissimum,0.195488722
14397,6/11/12,Caloneis bacillum,0.015
14397,6/11/12,Cyclotella meneghiniana,0.0902
14397,6/11/12,Eolimna minima,0.015
14397,6/11/12,Navicula gregaria,0.0301
14397,6/11/12,Navicula lanceolata,0.0301
14397,6/11/12,Navicula tripunctata,0.00752
14397,6/11/12,Nitzschia palea,0.0526
14397,6/11/12,Planothidium frequentissimum,0.015
14397,6/11/12,Planothidium lanceolatum,0.0526
14397,6/11/12,Rhoicosphenia abbreviata,0.0902
14404,6/8/15,Achnanthes subhudsonis var. kraeuselii,0.00167
14404,6/8/15,Achnanthidium minutissimum,0.035
14404,6/8/15,Amphora pediculus,0.00333
14404,6/8/15,Mayamaea permitis,0.0133
14404,6/8/15,Melosira varians,0.00333
14404,6/8/15,Navicula cryptotenella,0.005
14404,6/8/15,Navicula gregaria,0.0117
14404,6/8/15,Navicula lanceolata,0.00167
14404,6/8/15,Nitzschia dissipata,0.00667
14404,6/8/15,Nitzschia inconspicua,0.0917
14404,6/8/15,Planothidium frequentissimum,0.02
14404,6/8/15,Reimeria sinuata,0.288333333
14410,6/27/12,Achnanthidium minutissimum,0.714285714
14410,6/27/12,Rhoicosphenia abbreviata,0.0116
14410,6/27/12,Rossithidium pusillum,0.0365
14410,6/6/13,Achnanthes subhudsonis var. kraeuselii,0.00667
14410,6/6/13,Achnanthidium minutissimum,0.0933
14410,6/6/13,Achnanthidium pyrenaicum,0.00333
14410,6/6/13,Fragilaria crotonensis,0.00333
14410,6/6/13,Melosira varians,0.00333
14410,6/6/13,Navicula cryptotenella,0.00667
14410,6/6/13,Navicula gregaria,0.00167
14410,6/6/13,Navicula submuralis,0.00167
14410,6/6/13,Nitzschia amphibia,0.00333
14410,6/6/13,Nitzschia inconspicua,0.00167
14410,6/6/13,Reimeria sinuata,0.00667
14410,6/6/13,Rhoicosphenia abbreviata,0.0133
14410,6/17/14,Achnanthidium minutissimum,0.0846
14410,6/17/14,Achnanthidium pyrenaicum,0.00154
14410,6/17/14,Cyclotella meneghiniana,0.00154
14410,6/17/14,Navicula antonii,0.00308
14410,6/17/14,Navicula cryptotenella,0.00308
14410,6/17/14,Navicula gregaria,0.00308
14410,6/17/14,Nitzschia amphibia,0.00462
14410,6/17/14,Nitzschia palea,0.00308
14410,6/17/14,Planothidium frequentissimum,0.00615
14410,7/6/15,Achnanthes subhudsonis var. kraeuselii,0.00165
14410,7/6/15,Achnanthidium minutissimum,0.305280528
14410,7/6/15,Fragilaria crotonensis,0.00825
14410,7/6/15,Mayamaea permitis,0.0033
14410,7/6/15,Navicula cryptotenella,0.0033
14410,7/6/15,Navicula gregaria,0.00165
14410,7/6/15,Nitzschia amphibia,0.0033
14410,7/6/15,Nitzschia dissipata,0.0033
14410,7/6/15,Nitzschia palea,0.00165
14410,6/8/16,Achnanthes subhudsonis var. kraeuselii,0.00333
14410,6/8/16,Achnanthidium minutissimum,0.22296173
14410,6/8/16,Achnanthidium minutissimum var. gracillima,0.00166
14410,6/8/16,Cyclotella meneghiniana,0.00333
14410,6/8/16,Melosira varians,0.00166
14410,6/8/16,Navicula cryptotenella,0.00166
14410,6/8/16,Nitzschia inconspicua,0.00333
14410,6/8/16,Nitzschia palea,0.00166
14410,6/8/16,Sellaphora atomoides,0.0116
14413,6/6/12,Achnanthes subhudsonis var. kraeuselii,0.00107
14413,6/6/12,Achnanthidium minutissimum,0.124330118
14413,6/6/12,Amphora pediculus,0.0343
14413,6/6/12,Caloneis bacillum,0.00857
14413,6/6/12,Cyclotella meneghiniana,0.0622
14413,6/6/12,Eolimna minima,0.0622
14413,6/6/12,Melosira varians,0.0214
14413,6/6/12,Navicula antonii,0.00429
14413,6/6/12,Navicula gregaria,0.0171
14413,6/6/12,Navicula lanceolata,0.030010718
14413,6/6/12,Navicula tripunctata,0.0279
14413,6/6/12,Nitzschia amphibia,0.00107
14413,6/6/12,Nitzschia dissipata,0.00429
14413,6/6/12,Nitzschia fonticola,0.00214
14413,6/6/12,Nitzschia inconspicua,0.00643
14413,6/6/12,Nitzschia palea,0.060021436
14413,6/6/12,Planothidium frequentissimum,0.0557
14413,6/6/12,Planothidium lanceolatum,0.00536
14413,6/6/12,Reimeria sinuata,0.0193
14413,6/6/12,Rhoicosphenia abbreviata,0.0868
14413,6/4/13,Achnanthes subhudsonis var. kraeuselii,0.00667
14413,6/4/13,Achnanthidium minutissimum,0.03
14413,6/4/13,Achnanthidium pyrenaicum,0.0333
14413,6/4/13,Amphora pediculus,0.015
14413,6/4/13,Eolimna minima,0.0233
14413,6/4/13,Melosira varians,0.00333
14413,6/4/13,Navicula antonii,0.01
14413,6/4/13,Navicula cryptotenella,0.00833
14413,6/4/13,Navicula gregaria,0.0317
14413,6/4/13,Nitzschia dissipata,0.005
14413,6/4/13,Nitzschia inconspicua,0.153333333
14413,6/4/13,Planothidium frequentissimum,0.045
14413,6/4/13,Planothidium lanceolatum,0.0217
14413,6/4/13,Reimeria sinuata,0.0733
14413,6/4/13,Rhoicosphenia abbreviata,0.208333333
14413,6/4/14,Achnanthes subhudsonis var. kraeuselii,0.00402
14413,6/4/14,Achnanthidium minutissimum,0.00938
14413,6/4/14,Amphora pediculus,0.0067
14413,6/4/14,Caloneis bacillum,0.00134
14413,6/4/14,Eolimna minima,0.00804
14413,6/4/14,Navicula antonii,0.0804
14413,6/4/14,Navicula gregaria,0.170241287
14413,6/4/14,Navicula lanceolata,0.0228
14413,6/4/14,Nitzschia amphibia,0.00134
14413,6/4/14,Nitzschia dissipata,0.0161
14413,6/4/14,Nitzschia inconspicua,0.260053619
14413,6/4/14,Planothidium frequentissimum,0.032171582
14413,6/4/14,Reimeria sinuata,0.101876676
14413,6/4/14,Rhoicosphenia abbreviata,0.0898
14413,6/4/14,Rossithidium linearis,0.00134
14413,6/9/15,Achnanthes subhudsonis var. kraeuselii,0.0283
14413,6/9/15,Achnanthidium minutissimum,0.0466
14413,6/9/15,Amphora pediculus,0.0333
14413,6/9/15,Caloneis bacillum,0.00499
14413,6/9/15,Mayamaea permitis,0.00998
14413,6/9/15,Melosira varians,0.021630616
14413,6/9/15,Navicula cryptotenella,0.02
14413,6/9/15,Navicula gregaria,0.0582
14413,6/9/15,Navicula lanceolata,0.0266
14413,6/9/15,Navicula tripunctata,0.0116
14413,6/9/15,Nitzschia dissipata,0.00333
14413,6/9/15,Nitzschia inconspicua,0.139767055
14413,6/9/15,Nitzschia palea,0.00666
14413,6/9/15,Planothidium frequentissimum,0.0449
14413,6/9/15,Planothidium lanceolatum,0.0166
14413,6/9/15,Reimeria sinuata,0.0516
14413,6/9/15,Rhoicosphenia abbreviata,0.0532
14413,6/1/16,Achnanthes subhudsonis var. kraeuselii,0.0274
14413,6/1/16,Achnanthidium minutissimum,0.0919
14413,6/1/16,Amphora pediculus,0.021
14413,6/1/16,Mayamaea permitis,0.00161
14413,6/1/16,Melosira varians,0.00323
14413,6/1/16,Navicula cryptotenella,0.00484
14413,6/1/16,Navicula cryptotenelloides,0.0306
14413,6/1/16,Navicula gregaria,0.0129
14413,6/1/16,Navicula lanceolata,0.00484
14413,6/1/16,Nitzschia dissipata,0.00968
14413,6/1/16,Nitzschia inconspicua,0.287096774
14413,6/1/16,Planothidium frequentissimum,0.0887
14413,6/1/16,Planothidium lanceolatum,0.00161
14413,6/1/16,Reimeria sinuata,0.125806452
14413,6/1/16,Rhoicosphenia abbreviata,0.071
14413,6/1/16,Sellaphora atomoides,0.0161
14414,6/6/12,Achnanthes subhudsonis var. kraeuselii,0.141924959
14414,6/6/12,Achnanthidium minutissimum,0.00163
14414,6/6/12,Amphora pediculus,0.0131
14414,6/6/12,Eolimna minima,0.044
14414,6/6/12,Melosira varians,0.00979
14414,6/6/12,Navicula antonii,0.00979
14414,6/6/12,Navicula gregaria,0.0114
14414,6/6/12,Navicula lanceolata,0.0179
14414,6/6/12,Navicula tripunctata,0.0245
14414,6/6/12,Nitzschia amphibia,0.00979
14414,6/6/12,Nitzschia dissipata,0.00489
14414,6/6/12,Nitzschia fonticola,0.0131
14414,6/6/12,Nitzschia inconspicua,0.109298532
14414,6/6/12,Nitzschia palea,0.00163
14414,6/6/12,Planothidium frequentissimum,0.00816
14414,6/6/12,Planothidium lanceolatum,0.00326
14414,6/6/12,Reimeria sinuata,0.0261
14414,6/6/12,Rhoicosphenia abbreviata,0.298531811
14414,6/5/13,Achnanthes subhudsonis var. kraeuselii,0.015
14414,6/5/13,Amphora pediculus,0.00667
14414,6/5/13,Eolimna minima,0.06
14414,6/5/13,Eolimna subminuscula,0.01
14414,6/5/13,Melosira varians,0.025
14414,6/5/13,Navicula antonii,0.02
14414,6/5/13,Navicula gregaria,0.01
14414,6/5/13,Nitzschia dissipata,0.01
14414,6/5/13,Nitzschia inconspicua,0.441666667
14414,6/5/13,Planothidium frequentissimum,0.0967
14414,6/5/13,Reimeria sinuata,0.0317
14414,6/5/13,Rhoicosphenia abbreviata,0.106666667
14414,6/4/14,Achnanthidium minutissimum,0.0122
14414,6/4/14,Amphora pediculus,0.00457
14414,6/4/14,Caloneis bacillum,0.00152
14414,6/4/14,Eolimna minima,0.024390244
14414,6/4/14,Eolimna subminuscula,0.00305
14414,6/4/14,Navicula antonii,0.093
14414,6/4/14,Navicula gregaria,0.0625
14414,6/4/14,Navicula lanceolata,0.0808
14414,6/4/14,Nitzschia amphibia,0.0808
14414,6/4/14,Nitzschia dissipata,0.0122
14414,6/4/14,Nitzschia inconspicua,0.300304878
14414,6/4/14,Nitzschia palea,0.013719512
14414,6/4/14,Planothidium frequentissimum,0.0305
14414,6/4/14,Planothidium lanceolatum,0.00152
14414,6/4/14,Reimeria sinuata,0.061
14414,6/4/14,Rhoicosphenia abbreviata,0.147865854
14414,6/9/15,Achnanthes subhudsonis var. kraeuselii,0.0659
14414,6/9/15,Achnanthidium minutissimum,0.02800659
14414,6/9/15,Achnanthidium pyrenaicum,0.00329
14414,6/9/15,Amphora pediculus,0.0198
14414,6/9/15,Caloneis bacillum,0.00988
14414,6/9/15,Eolimna subminuscula,0.00165
14414,6/9/15,Fragilaria crotonensis,0.00329
14414,6/9/15,Mayamaea permitis,0.00329
14414,6/9/15,Melosira varians,0.0379
14414,6/9/15,Navicula cryptotenella,0.0461
14414,6/9/15,Navicula cryptotenelloides,0.042833608
14414,6/9/15,Navicula gregaria,0.0412
14414,6/9/15,Navicula lanceolata,0.0643
14414,6/9/15,Navicula submuralis,0.0115
14414,6/9/15,Navicula tripunctata,0.00165
14414,6/9/15,Nitzschia amphibia,0.0132
14414,6/9/15,Nitzschia fonticola,0.00329
14414,6/9/15,Nitzschia inconspicua,0.225700165
14414,6/9/15,Planothidium frequentissimum,0.02800659
14414,6/9/15,Planothidium lanceolatum,0.00329
14414,6/9/15,Psammothidium subatomoides,0.00329
14414,6/9/15,Reimeria sinuata,0.0923
14414,6/9/15,Rhoicosphenia abbreviata,0.084
14414,6/1/16,Achnanthes subhudsonis var. kraeuselii,0.0885
14414,6/1/16,Achnanthidium minutissimum,0.014
14414,6/1/16,Amphora pediculus,0.0186
14414,6/1/16,Eolimna subminuscula,0.014
14414,6/1/16,Mayamaea permitis,0.00621
14414,6/1/16,Melosira varians,0.00466
14414,6/1/16,Navicula antonii,0.00466
14414,6/1/16,Navicula cryptotenella,0.0326
14414,6/1/16,Navicula cryptotenelloides,0.0699
14414,6/1/16,Navicula gregaria,0.0233
14414,6/1/16,Navicula lanceolata,0.00311
14414,6/1/16,Nitzschia amphibia,0.0481
14414,6/1/16,Nitzschia dissipata,0.00311
14414,6/1/16,Nitzschia fonticola,0.00621
14414,6/1/16,Nitzschia inconspicua,0.341614907
14414,6/1/16,Nitzschia palea,0.00155
14414,6/1/16,Planothidium frequentissimum,0.028
14414,6/1/16,Planothidium lanceolatum,0.00155
14414,6/1/16,Reimeria sinuata,0.087
14414,6/1/16,Rhoicosphenia abbreviata,0.077639752
14414,6/1/16,Sellaphora atomoides,0.0295
14436,6/12/12,Achnanthes subhudsonis var. kraeuselii,0.00657
14436,6/12/12,Achnanthidium minutissimum,0.00821
14436,6/12/12,Achnanthidium minutissimum var. gracillima,0.00164
14436,6/12/12,Amphora pediculus,0.00493
14436,6/12/12,Cyclotella meneghiniana,0.00493
14436,6/12/12,Melosira varians,0.0197
14436,6/12/12,Navicula antonii,0.00164
14436,6/12/12,Navicula gregaria,0.0164
14436,6/12/12,Nitzschia amphibia,0.00821
14436,6/12/12,Nitzschia fonticola,0.00328
14436,6/12/12,Nitzschia inconspicua,0.00328
14436,6/12/12,Nitzschia palea,0.00164
14436,6/12/12,Planothidium frequentissimum,0.00328
14436,6/12/12,Planothidium lanceolatum,0.00985
14436,6/12/12,Rhoicosphenia abbreviata,0.00985
14441,6/21/12,Achnanthidium minutissimum,0.173701299
14441,6/21/12,Cymbella tumida,0.00649
14441,6/21/12,Eunotia exigua,0.00325
14441,6/21/12,Melosira varians,0.00812
14441,6/21/12,Navicula antonii,0.00162
14441,6/21/12,Navicula gregaria,0.00162
14441,6/21/12,Nitzschia palea,0.0114
14441,6/21/12,Rossithidium linearis,0.0503
14441,7/8/13,Achnanthes subhudsonis var. kraeuselii,0.01
14441,7/8/13,Achnanthidium minutissimum,0.0983
14441,7/8/13,Fragilaria crotonensis,0.0117
14441,7/8/13,Melosira varians,0.0183
14441,7/8/13,Navicula cryptotenella,0.00333
14441,6/16/14,Achnanthidium minutissimum,0.0176
14441,6/16/14,Navicula antonii,0.00293
14441,6/16/14,Reimeria sinuata,0.00293
14441,7/6/15,Achnanthidium minutissimum,0.283387622
14441,7/6/15,Cymbella tumida,0.00163
14441,7/6/15,Fragilaria crotonensis,0.0147
14441,7/6/15,Melosira varians,0.00489
14441,7/6/15,Navicula cryptotenella,0.00326
14441,7/6/15,Navicula gregaria,0.00163
14441,7/6/15,Nitzschia dissipata,0.00163
14441,7/6/15,Nitzschia palea,0.00651
14441,6/9/16,Achnanthes subhudsonis var. kraeuselii,0.0066
14441,6/9/16,Achnanthidium minutissimum,0.46039604
14441,6/9/16,Achnanthidium minutissimum var. gracillima,0.00165
14441,6/9/16,Melosira varians,0.00165
14441,6/9/16,Navicula cryptotenella,0.0033
14441,6/9/16,Planothidium frequentissimum,0.00825
14441,6/9/16,Rossithidium pusillum,0.0033
14442,7/2/12,Achnanthidium minutissimum,0.568627451
14442,7/2/12,Achnanthidium minutissimum var. gracillima,0.0196
14442,7/2/12,Cymbella tumida,0.0343
14442,7/2/12,Melosira varians,0.00327
14442,7/2/12,Rossithidium linearis,0.0049
14442,7/2/12,Rossithidium pusillum,0.00163
14442,6/18/14,Achnanthidium minutissimum,0.162200282
14442,6/18/14,Navicula cryptotenella,0.00282
14442,6/1/15,Achnanthidium minutissimum,0.393333333
14442,6/1/15,Navicula submuralis,0.00167
14444,6/18/13,Achnanthes subhudsonis var. kraeuselii,0.00333
14444,6/18/13,Achnanthidium minutissimum,0.0433
14444,6/18/13,Achnanthidium pyrenaicum,0.35
14444,6/18/13,Amphora pediculus,0.015
14444,6/18/13,Eolimna minima,0.005
14444,6/18/13,Nitzschia dissipata,0.005
14444,6/18/13,Nitzschia inconspicua,0.00833
14444,6/18/13,Planothidium frequentissimum,0.00167
14444,6/18/13,Reimeria sinuata,0.0183
14444,6/18/13,Rhoicosphenia abbreviata,0.03
14444,6/9/14,Achnanthidium minutissimum,0.00166
14444,6/9/14,Achnanthidium pyrenaicum,0.374172185
14444,6/9/14,Amphora pediculus,0.021523179
14444,6/9/14,Cyclotella meneghiniana,0.00166
14444,6/9/14,Eolimna minima,0.00166
14444,6/9/14,Melosira varians,0.00331
14444,6/9/14,Navicula antonii,0.00993
14444,6/9/14,Navicula cryptotenella,0.00497
14444,6/9/14,Navicula gregaria,0.0132
14444,6/9/14,Navicula tripunctata,0.0116
14444,6/9/14,Nitzschia dissipata,0.00331
14444,6/9/14,Nitzschia fonticola,0.00331
14444,6/9/14,Nitzschia inconspicua,0.00662
14444,6/9/14,Reimeria sinuata,0.00828
14444,6/9/14,Rhoicosphenia abbreviata,0.00166
14444,7/13/15,Achnanthes subhudsonis var. kraeuselii,0.00661
14444,7/13/15,Achnanthidium minutissimum,0.110743802
14444,7/13/15,Achnanthidium pyrenaicum,0.043
14444,7/13/15,Amphora pediculus,0.0132
14444,7/13/15,Navicula cryptotenella,0.0215
14444,7/13/15,Navicula cryptotenelloides,0.00826
14444,7/13/15,Navicula tripunctata,0.00331
14444,7/13/15,Nitzschia amphibia,0.00331
14444,7/13/15,Nitzschia dissipata,0.00992
14444,7/13/15,Nitzschia fonticola,0.0364
14444,7/13/15,Nitzschia inconspicua,0.00661
14444,7/13/15,Planothidium frequentissimum,0.00496
14444,7/13/15,Reimeria sinuata,0.00496
14444,7/13/15,Rhoicosphenia abbreviata,0.00661
14444,6/7/16,Achnanthidium minutissimum,0.132669983
14444,6/7/16,Achnanthidium minutissimum var. gracillima,0.00332
14444,6/7/16,Achnanthidium pyrenaicum,0.330016584
14444,6/7/16,Amphora pediculus,0.00498
14444,6/7/16,Melosira varians,0.0166
14444,6/7/16,Navicula cryptotenella,0.0232
14444,6/7/16,Navicula cryptotenelloides,0.00166
14444,6/7/16,Navicula gregaria,0.00166
14444,6/7/16,Navicula tripunctata,0.0282
14444,6/7/16,Nitzschia amphibia,0.00332
14444,6/7/16,Nitzschia dissipata,0.0116
14444,6/7/16,Planothidium lanceolatum,0.00332
14444,6/7/16,Reimeria sinuata,0.0381
14444,6/7/16,Rhoicosphenia abbreviata,0.00663
14450,6/5/12,Cyclotella meneghiniana,0.00641
14450,6/5/12,Nitzschia fonticola,0.0433
14450,6/5/12,Nitzschia inconspicua,0.00321
14450,6/5/12,Nitzschia palea,0.00321
14450,6/5/12,Planothidium frequentissimum,0.0016
14450,6/5/12,Rhoicosphenia abbreviata,0.00321
14450,6/9/14,Achnanthes subhudsonis var. kraeuselii,0.00496
14450,6/9/14,Achnanthidium pyrenaicum,0.00496
14450,6/9/14,Amphora pediculus,0.00826
14450,6/9/14,Caloneis bacillum,0.00496
14450,6/9/14,Navicula antonii,0.00331
14450,6/9/14,Nitzschia dissipata,0.00496
14450,6/9/14,Nitzschia fonticola,0.0132
14450,6/9/14,Planothidium frequentissimum,0.00496
14450,6/9/14,Reimeria sinuata,0.00992
14450,6/9/14,Rhoicosphenia abbreviata,0.00661
14450,6/8/15,Achnanthes subhudsonis var. kraeuselii,0.00167
14450,6/8/15,Achnanthidium minutissimum,0.0817
14450,6/8/15,Achnanthidium pyrenaicum,0.753333333
14450,6/8/15,Amphora pediculus,0.00167
14450,6/8/15,Navicula gregaria,0.005
14450,6/8/15,Nitzschia dissipata,0.00667
14450,6/8/15,Nitzschia inconspicua,0.0167
14450,6/8/15,Reimeria sinuata,0.035
14450,6/8/15,Rhoicosphenia abbreviata,0.00333
14450,6/10/16,Achnanthidium minutissimum,0.376
14450,6/10/16,Achnanthidium pyrenaicum,0.2448
14450,6/10/16,Melosira varians,0.0016
14450,6/10/16,Navicula cryptotenella,0.0016
14450,6/10/16,Navicula cryptotenelloides,0.0048
14450,6/10/16,Navicula gregaria,0.0032
14450,6/10/16,Navicula submuralis,0.0016
14450,6/10/16,Nitzschia dissipata,0.0016
14450,6/10/16,Nitzschia fonticola,0.0112
14450,6/10/16,Nitzschia inconspicua,0.0272
14450,6/10/16,Nitzschia palea,0.0048
14450,6/10/16,Planothidium frequentissimum,0.0016
14450,6/10/16,Reimeria sinuata,0.0032
14450,6/10/16,Rhoicosphenia abbreviata,0.0112
14450,6/10/16,Sellaphora atomoides,0.008
14458,6/9/14,Achnanthes subhudsonis var. kraeuselii,0.0211
14458,6/9/14,Achnanthidium minutissimum,0.00486
14458,6/9/14,Amphora pediculus,0.392220421
14458,6/9/14,Caloneis bacillum,0.0081
14458,6/9/14,Eolimna minima,0.181523501
14458,6/9/14,Navicula antonii,0.0162
14458,6/9/14,Navicula gregaria,0.00486
14458,6/9/14,Navicula lanceolata,0.013
14458,6/9/14,Navicula submuralis,0.0357
14458,6/9/14,Navicula tripunctata,0.0146
14458,6/9/14,Nitzschia amphibia,0.00648
14458,6/9/14,Nitzschia dissipata,0.00486
14458,6/9/14,Nitzschia inconspicua,0.0438
14458,6/9/14,Nitzschia palea,0.00324
14458,6/9/14,Planothidium frequentissimum,0.0405
14458,6/9/14,Rhoicosphenia abbreviata,0.13452188
14458,6/24/15,Achnanthes subhudsonis var. kraeuselii,0.0783
14458,6/24/15,Achnanthidium minutissimum,0.0277
14458,6/24/15,Amphora pediculus,0.159869494
14458,6/24/15,Caloneis bacillum,0.00653
14458,6/24/15,Mayamaea permitis,0.0131
14458,6/24/15,Navicula antonii,0.0114
14458,6/24/15,Navicula cryptotenella,0.0375
14458,6/24/15,Navicula gregaria,0.0212
14458,6/24/15,Navicula lanceolata,0.00653
14458,6/24/15,Navicula tripunctata,0.0245
14458,6/24/15,Nitzschia amphibia,0.00653
14458,6/24/15,Nitzschia dissipata,0.0131
14458,6/24/15,Nitzschia fonticola,0.00326
14458,6/24/15,Nitzschia inconspicua,0.0163
14458,6/24/15,Nitzschia palea,0.00816
14458,6/24/15,Planothidium frequentissimum,0.00326
14458,6/24/15,Rhoicosphenia abbreviata,0.231647635
14458,6/10/16,Achnanthes subhudsonis var. kraeuselii,0.0842
14458,6/10/16,Achnanthidium minutissimum,0.0396
14458,6/10/16,Amphora pediculus,0.438943894
14458,6/10/16,Caloneis bacillum,0.0297
14458,6/10/16,Eolimna subminuscula,0.00165
14458,6/10/16,Mayamaea permitis,0.00165
14458,6/10/16,Navicula antonii,0.0264
14458,6/10/16,Navicula cryptotenella,0.0281
14458,6/10/16,Navicula gregaria,0.00165
14458,6/10/16,Navicula lanceolata,0.0132
14458,6/10/16,Navicula tripunctata,0.0215
14458,6/10/16,Nitzschia amphibia,0.00495
14458,6/10/16,Nitzschia dissipata,0.00495
14458,6/10/16,Nitzschia inconspicua,0.0248
14458,6/10/16,Nitzschia palea,0.00165
14458,6/10/16,Planothidium frequentissimum,0.0066
14458,6/10/16,Reimeria sinuata,0.00495
14458,6/10/16,Rhoicosphenia abbreviata,0.0941
14458,6/10/16,Sellaphora atomoides,0.0116
14462,6/10/16,Achnanthidium minutissimum,0.491694352
14462,6/10/16,Achnanthidium pyrenaicum,0.0399
14462,6/10/16,Amphora pediculus,0.0299
14462,6/10/16,Cyclotella meneghiniana,0.00498
14462,6/10/16,Melosira varians,0.0133
14462,6/10/16,Navicula antonii,0.00498
14462,6/10/16,Navicula cryptotenella,0.0116
14462,6/10/16,Navicula cryptotenelloides,0.015
14462,6/10/16,Navicula gregaria,0.0183
14462,6/10/16,Navicula lanceolata,0.00166
14462,6/10/16,Navicula tripunctata,0.0133
14462,6/10/16,Nitzschia amphibia,0.00166
14462,6/10/16,Nitzschia dissipata,0.00332
14462,6/10/16,Nitzschia fonticola,0.00664
14462,6/10/16,Nitzschia inconspicua,0.00997
14462,6/10/16,Nitzschia palea,0.00166
14462,6/10/16,Planothidium frequentissimum,0.00166
14462,6/10/16,Reimeria sinuata,0.00498
14462,6/10/16,Rhoicosphenia abbreviata,0.0465
14462,6/10/16,Sellaphora atomoides,0.00166
14470,6/7/12,Achnanthes subhudsonis var. kraeuselii,0.00255
14470,6/7/12,Achnanthidium minutissimum,0.0561
14470,6/7/12,Amphora pediculus,0.0051
14470,6/7/12,Eolimna minima,0.0102
14470,6/7/12,Melosira varians,0.00765
14470,6/7/12,Navicula antonii,0.023
14470,6/7/12,Navicula gregaria,0.0128
14470,6/7/12,Navicula lanceolata,0.0179
14470,6/7/12,Planothidium frequentissimum,0.0179
14470,6/7/12,Reimeria sinuata,0.0204
14473,6/4/13,Achnanthidium minutissimum,0.0217
14473,6/4/13,Achnanthidium pyrenaicum,0.0483
14473,6/4/13,Fragilaria crotonensis,0.01
14473,6/4/13,Reimeria sinuata,0.02
14473,6/4/13,Rhoicosphenia abbreviata,0.00167
14523,6/30/15,Achnanthidium minutissimum,0.215946844
14523,6/30/15,Achnanthidium pyrenaicum,0.533222591
14523,6/30/15,Amphora pediculus,0.0548
14523,6/30/15,Eunotia minor,0.00498
14523,6/30/15,Navicula cryptotenella,0.00332
14523,6/30/15,Navicula gregaria,0.00166
14523,6/30/15,Planothidium frequentissimum,0.0199
14523,6/30/15,Reimeria sinuata,0.0498
14553,6/19/13,Achnanthes subhudsonis var. kraeuselii,0.015
14553,6/19/13,Achnanthidium minutissimum,0.0683
14553,6/19/13,Achnanthidium pyrenaicum,0.00167
14553,6/19/13,Amphora pediculus,0.298333333
14553,6/19/13,Caloneis bacillum,0.00333
14553,6/19/13,Eolimna minima,0.045
14553,6/19/13,Melosira varians,0.00333
14553,6/19/13,Navicula antonii,0.015
14553,6/19/13,Navicula cryptotenella,0.02
14553,6/19/13,Navicula gregaria,0.0183
14553,6/19/13,Navicula lanceolata,0.01
14553,6/19/13,Navicula tripunctata,0.0633
14553,6/19/13,Nitzschia dissipata,0.0233
14553,6/19/13,Nitzschia inconspicua,0.111666667
14553,6/19/13,Planothidium frequentissimum,0.0133
14553,6/19/13,Planothidium lanceolatum,0.00333
14553,6/19/13,Psammothidium subatomoides,0.0317
14553,6/19/13,Reimeria sinuata,0.04
14553,6/19/13,Rhoicosphenia abbreviata,0.0133
14555,6/7/16,Achnanthes subhudsonis var. kraeuselii,0.0133
14555,6/7/16,Achnanthidium minutissimum,0.316749585
14555,6/7/16,Achnanthidium pyrenaicum,0.0249
14555,6/7/16,Amphora pediculus,0.073
14555,6/7/16,Cyclotella meneghiniana,0.0133
14555,6/7/16,Mayamaea permitis,0.00166
14555,6/7/16,Melosira varians,0.0315
14555,6/7/16,Navicula antonii,0.00332
14555,6/7/16,Navicula cryptotenella,0.0282
14555,6/7/16,Navicula cryptotenelloides,0.0166
14555,6/7/16,Navicula gregaria,0.021558872
14555,6/7/16,Navicula lanceolata,0.0116
14555,6/7/16,Navicula tripunctata,0.0116
14555,6/7/16,Nitzschia amphibia,0.0166
14555,6/7/16,Nitzschia dissipata,0.00498
14555,6/7/16,Nitzschia fonticola,0.0133
14555,6/7/16,Nitzschia palea,0.00332
14555,6/7/16,Planothidium frequentissimum,0.0199
14555,6/7/16,Planothidium lanceolatum,0.00166
14555,6/7/16,Reimeria sinuata,0.0232
14555,6/7/16,Rhoicosphenia abbreviata,0.0464
14555,6/7/16,Sellaphora atomoides,0.0249
14581,6/19/14,Achnanthes subhudsonis var. kraeuselii,0.166407465
14581,6/19/14,Achnanthidium minutissimum,0.138413686
14581,6/19/14,Eolimna minima,0.00156
14581,6/19/14,Eunotia minor,0.00933
14581,6/19/14,Nitzschia dissipata,0.00156
14581,6/19/14,Rhoicosphenia abbreviata,0.00156
14669,6/27/12,Achnanthes subhudsonis var. kraeuselii,0.00434
14669,6/27/12,Achnanthidium minutissimum,0.18813314
14669,6/27/12,Achnanthidium minutissimum var. gracillima,0.00289
14669,6/27/12,Cyclotella meneghiniana,0.0101
14669,6/27/12,Cymbella tumida,0.292329957
14669,6/27/12,Eolimna minima,0.00434
14669,6/27/12,Eolimna subminuscula,0.00145
14669,6/27/12,Melosira varians,0.00579
14669,6/27/12,Navicula gregaria,0.00289
14669,6/27/12,Nitzschia amphibia,0.00434
14669,6/27/12,Nitzschia fonticola,0.00145
14669,6/27/12,Nitzschia palea,0.00434
14669,6/27/12,Planothidium frequentissimum,0.00289
14669,6/27/12,Rhoicosphenia abbreviata,0.0289
14669,6/27/12,Rossithidium linearis,0.00724
14669,6/27/12,Rossithidium pusillum,0.0275
14669,6/6/13,Achnanthes subhudsonis var. kraeuselii,0.00833
14669,6/6/13,Achnanthidium minutissimum,0.131666667
14669,6/6/13,Fragilaria crotonensis,0.065
14669,6/6/13,Melosira varians,0.005
14669,6/6/13,Navicula cryptotenella,0.03
14669,6/6/13,Navicula gregaria,0.00167
14669,6/6/13,Nitzschia inconspicua,0.00333
14669,6/6/13,Nitzschia palea,0.01
14669,6/6/13,Psammothidium subatomoides,0.00167
14669,6/6/13,Reimeria sinuata,0.00833
14669,6/6/13,Rhoicosphenia abbreviata,0.0133
14669,6/6/13,Rossithidium linearis,0.00333
14669,6/17/14,Achnanthes subhudsonis var. kraeuselii,0.028
14669,6/17/14,Achnanthidium minutissimum,0.0789
14669,6/17/14,Caloneis bacillum,0.0148
14669,6/17/14,Cyclotella meneghiniana,0.00987
14669,6/17/14,Eolimna minima,0.0493
14669,6/17/14,Navicula antonii,0.00329
14669,6/17/14,Navicula cryptotenella,0.028
14669,6/17/14,Navicula gregaria,0.00493
14669,6/17/14,Nitzschia palea,0.00164
14669,6/17/14,Planothidium frequentissimum,0.00658
14669,6/17/14,Psammothidium subatomoides,0.0132
14669,6/17/14,Rossithidium linearis,0.00493
14669,7/6/15,Achnanthes subhudsonis var. kraeuselii,0.00328
14669,7/6/15,Achnanthidium minutissimum,0.345901639
14669,7/6/15,Fragilaria crotonensis,0.00328
14669,7/6/15,Mayamaea permitis,0.00328
14669,7/6/15,Navicula cryptotenella,0.039344262
14669,7/6/15,Navicula gregaria,0.019672131
14669,7/6/15,Nitzschia amphibia,0.00328
14669,7/6/15,Nitzschia dissipata,0.00164
14669,7/6/15,Nitzschia palea,0.018
14669,7/6/15,Planothidium frequentissimum,0.0115
14669,7/6/15,Reimeria sinuata,0.00656
14669,6/8/16,Achnanthes subhudsonis var. kraeuselii,0.00661
14669,6/8/16,Achnanthidium minutissimum,0.256198347
14669,6/8/16,Achnanthidium minutissimum var. gracillima,0.0149
14669,6/8/16,Caloneis bacillum,0.00661
14669,6/8/16,Cyclotella meneghiniana,0.00496
14669,6/8/16,Eolimna subminuscula,0.00165
14669,6/8/16,Fragilaria crotonensis,0.0149
14669,6/8/16,Navicula cryptotenella,0.0215
14669,6/8/16,Navicula gregaria,0.00496
14669,6/8/16,Navicula submuralis,0.00331
14669,6/8/16,Nitzschia amphibia,0.00826
14669,6/8/16,Nitzschia dissipata,0.00165
14669,6/8/16,Nitzschia inconspicua,0.00165
14669,6/8/16,Nitzschia palea,0.0165
14669,6/8/16,Planothidium frequentissimum,0.00826
14669,6/8/16,Psammothidium subatomoides,0.00496
14669,6/8/16,Sellaphora atomoides,0.00165
14706,7/3/13,Achnanthes subhudsonis var. kraeuselii,0.07
14706,7/3/13,Achnanthidium minutissimum,0.121666667
14706,7/3/13,Cyclotella meneghiniana,0.00333
14706,7/3/13,Eolimna minima,0.00833
14706,7/3/13,Eunotia implicata,0.00667
14706,7/3/13,Fragilaria crotonensis,0.015
14706,7/3/13,Melosira varians,0.0433
14706,7/3/13,Navicula antonii,0.00667
14706,7/3/13,Navicula cryptotenella,0.01
14706,7/3/13,Navicula submuralis,0.00333
14706,7/3/13,Nitzschia dissipata,0.00333
14706,7/3/13,Nitzschia inconspicua,0.00667
14706,7/3/13,Nitzschia palea,0.00333
14706,7/3/13,Planothidium frequentissimum,0.00333
14706,7/3/13,Planothidium lanceolatum,0.00667
14706,7/3/13,Psammothidium subatomoides,0.00167
14706,7/3/13,Rhoicosphenia abbreviata,0.00333
14720,7/3/13,Achnanthidium minutissimum,0.205
14720,7/3/13,Eunotia exigua,0.0417
14720,7/3/13,Eunotia implicata,0.101666667
14720,7/3/13,Navicula cryptotenella,0.00167
14720,7/3/13,Psammothidium subatomoides,0.0117
14721,7/3/13,Achnanthes subhudsonis var. kraeuselii,0.0333
14721,7/3/13,Achnanthidium minutissimum,0.101666667
14721,7/3/13,Eolimna minima,0.00167
14721,7/3/13,Fragilaria crotonensis,0.025
14721,7/3/13,Melosira varians,0.0367
14721,7/3/13,Navicula cryptotenella,0.00333
14721,7/3/13,Nitzschia inconspicua,0.00333
14721,7/3/13,Nitzschia palea,0.01
14721,7/3/13,Planothidium lanceolatum,0.00333
14721,7/3/13,Psammothidium subatomoides,0.00167
14721,7/3/13,Rhoicosphenia abbreviata,0.00667
14721,7/3/13,Rossithidium linearis,0.0167
14732,6/6/14,Achnanthes subhudsonis var. kraeuselii,0.0808
14732,6/6/14,Achnanthidium minutissimum,0.0278
14732,6/6/14,Amphora pediculus,0.00126
14732,6/6/14,Cyclotella meneghiniana,0.00126
14732,6/6/14,Eolimna minima,0.0164
14732,6/6/14,Eunotia minor,0.00253
14732,6/6/14,Melosira varians,0.00126
14732,6/6/14,Navicula antonii,0.0101
14732,6/6/14,Navicula cryptotenella,0.00379
14732,6/6/14,Nitzschia dissipata,0.00631
14732,6/6/14,Nitzschia fonticola,0.00505
14732,6/6/14,Nitzschia inconspicua,0.00505
14732,6/6/14,Planothidium frequentissimum,0.0354
14732,6/6/14,Planothidium lanceolatum,0.00253
14732,6/6/14,Reimeria sinuata,0.00884
14732,6/6/14,Rhoicosphenia abbreviata,0.00126
14733,6/6/14,Achnanthidium minutissimum,0.0382
14733,6/6/14,Achnanthidium pyrenaicum,0.00318
14733,6/6/14,Eunotia minor,0.00159
14733,6/6/14,Navicula cryptotenella,0.00636
14733,6/6/14,Rossithidium linearis,0.014308426
14740,6/24/15,Achnanthes subhudsonis var. kraeuselii,0.00493
14740,6/24/15,Achnanthidium minutissimum,0.269293924
14740,6/24/15,Melosira varians,0.00657
14740,6/24/15,Navicula cryptotenella,0.00657
14740,6/24/15,Navicula gregaria,0.00985
14740,6/24/15,Nitzschia dissipata,0.00328
14740,6/24/15,Nitzschia inconspicua,0.00164
14740,6/24/15,Planothidium frequentissimum,0.00328
14740,6/24/15,Reimeria sinuata,0.0246
14740,6/24/15,Rhoicosphenia abbreviata,0.00328
14825,6/23/15,Achnanthes subhudsonis var. kraeuselii,0.03
14825,6/23/15,Achnanthidium minutissimum,0.276666667
14825,6/23/15,Achnanthidium minutissimum var. gracillima,0.005
14825,6/23/15,Amphora pediculus,0.00167
14825,6/23/15,Cymbella tumida,0.00167
14825,6/23/15,Fistulifera saprophila,0.0117
14825,6/23/15,Fragilaria crotonensis,0.00167
14825,6/23/15,Mayamaea permitis,0.005
14825,6/23/15,Melosira varians,0.00333
14825,6/23/15,Navicula gregaria,0.0483
14825,6/23/15,Navicula lanceolata,0.00333
14825,6/23/15,Nitzschia dissipata,0.005
14825,6/23/15,Nitzschia fonticola,0.02
14825,6/23/15,Nitzschia inconspicua,0.118333333
14825,6/23/15,Nitzschia palea,0.00667
14825,6/23/15,Planothidium frequentissimum,0.00667
14825,6/23/15,Reimeria sinuata,0.0283
14866,6/27/14,Achnanthes subhudsonis var. kraeuselii,0.00135
14866,6/27/14,Achnanthidium minutissimum,0.743589744
14866,6/27/14,Eolimna minima,0.0054
14866,6/27/14,Eunotia minor,0.00135
14866,6/27/14,Navicula antonii,0.00135
14866,6/27/14,Planothidium frequentissimum,0.00135
14866,6/27/14,Planothidium lanceolatum,0.00135
14866,6/27/14,Psammothidium subatomoides,0.0054
15003,6/27/14,Achnanthes subhudsonis var. kraeuselii,0.0116
15003,6/27/14,Achnanthidium minutissimum,0.0266
15003,6/27/14,Eolimna minima,0.00333
15003,6/27/14,Melosira varians,0.00166
15003,6/27/14,Navicula antonii,0.00333
15003,6/27/14,Navicula gregaria,0.00333
15003,6/27/14,Planothidium frequentissimum,0.0832
15003,6/27/14,Planothidium lanceolatum,0.00832
15003,6/27/14,Reimeria sinuata,0.178036606
15004,6/18/14,Achnanthidium pyrenaicum,0.682042834
15004,6/18/14,Navicula antonii,0.00494
15004,6/18/14,Reimeria sinuata,0.00165
15004,6/18/14,Rossithidium pusillum,0.00165
15051,6/25/14,Achnanthes subhudsonis var. kraeuselii,0.0198
15051,6/25/14,Achnanthidium minutissimum,0.0231
15051,6/25/14,Caloneis bacillum,0.00659
15051,6/25/14,Cyclotella meneghiniana,0.00329
15051,6/25/14,Eolimna minima,0.26029654
15051,6/25/14,Eolimna subminuscula,0.0181
15051,6/25/14,Eunotia implicata,0.00165
15051,6/25/14,Eunotia minor,0.00165
15051,6/25/14,Melosira varians,0.00165
15051,6/25/14,Navicula gregaria,0.00988
15051,6/25/14,Navicula lanceolata,0.00824
15051,6/25/14,Nitzschia amphibia,0.00165
15051,6/25/14,Nitzschia fonticola,0.00165
15051,6/25/14,Nitzschia inconspicua,0.0643
15051,6/25/14,Nitzschia palea,0.00165
15051,6/25/14,Planothidium frequentissimum,0.0132
15051,6/25/14,Planothidium lanceolatum,0.00988
15051,6/25/14,Psammothidium subatomoides,0.057660626
15051,6/25/14,Rhoicosphenia abbreviata,0.042833608
15051,6/25/14,Rossithidium linearis,0.00165
15169,6/14/12,Achnanthes subhudsonis var. kraeuselii,0.00679
15169,6/14/12,Achnanthidium minutissimum,0.155216285
15169,6/14/12,Navicula antonii,0.0017
15169,6/14/12,Nitzschia palea,0.00594
15169,6/14/12,Rossithidium linearis,0.00424
15176,6/11/14,Achnanthidium minutissimum,0.0182
15176,6/11/14,Navicula antonii,0.00152
15176,6/11/14,Rossithidium linearis,0.00759
15201,6/5/13,Achnanthes subhudsonis var. kraeuselii,0.00333
15201,6/5/13,Achnanthidium minutissimum,0.139767055
15201,6/5/13,Achnanthidium pyrenaicum,0.043261231
15201,6/5/13,Amphora pediculus,0.043261231
15201,6/5/13,Eolimna minima,0.00666
15201,6/5/13,Fragilaria crotonensis,0.00333
15201,6/5/13,Melosira varians,0.00166
15201,6/5/13,Navicula antonii,0.00166
15201,6/5/13,Navicula cryptotenella,0.0283
15201,6/5/13,Navicula gregaria,0.0449
15201,6/5/13,Navicula lanceolata,0.00333
15201,6/5/13,Navicula submuralis,0.00499
15201,6/5/13,Navicula tripunctata,0.021630616
15201,6/5/13,Nitzschia dissipata,0.0166
15201,6/5/13,Nitzschia inconspicua,0.0333
15201,6/5/13,Planothidium frequentissimum,0.00666
15201,6/5/13,Planothidium lanceolatum,0.00333
15201,6/5/13,Reimeria sinuata,0.0532
15201,6/5/13,Rhoicosphenia abbreviata,0.0532
15304,6/19/14,Achnanthidium minutissimum,0.263934426
15304,6/19/14,Amphora pediculus,0.0459
15304,6/19/14,Eolimna minima,0.0082
15304,6/19/14,Melosira varians,0.00492
15304,6/19/14,Navicula gregaria,0.0475
15304,6/19/14,Planothidium frequentissimum,0.0311
15304,6/19/14,Reimeria sinuata,0.308196721
15304,6/19/14,Rhoicosphenia abbreviata,0.00492
15315,6/22/12,Achnanthes subhudsonis var. kraeuselii,0.00246
15315,6/22/12,Achnanthidium minutissimum,0.612068966
15315,6/22/12,Achnanthidium minutissimum var. gracillima,0.0677
15315,6/22/12,Cymbella tumida,0.0443
15315,6/22/12,Eunotia exigua,0.00246
15315,6/22/12,Eunotia implicata,0.00369
15315,6/22/12,Nitzschia amphibia,0.00246
15315,6/22/12,Nitzschia palea,0.00123
15406,6/11/12,Achnanthes subhudsonis var. kraeuselii,0.00146
15406,6/11/12,Achnanthidium minutissimum,0.0233
15406,6/11/12,Amphora pediculus,0.083
15406,6/11/12,Caloneis bacillum,0.00146
15406,6/11/12,Cyclotella meneghiniana,0.00291
15406,6/11/12,Cymbella tumida,0.0699
15406,6/11/12,Eolimna minima,0.103347889
15406,6/11/12,Melosira varians,0.0626
15406,6/11/12,Navicula antonii,0.0131
15406,6/11/12,Navicula gregaria,0.0233
15406,6/11/12,Navicula lanceolata,0.0349
15406,6/11/12,Navicula tripunctata,0.0175
15406,6/11/12,Nitzschia amphibia,0.00437
15406,6/11/12,Nitzschia dissipata,0.00582
15406,6/11/12,Nitzschia fonticola,0.00291
15406,6/11/12,Nitzschia inconspicua,0.00291
15406,6/11/12,Nitzschia palea,0.00437
15406,6/11/12,Planothidium frequentissimum,0.00437
15406,6/11/12,Planothidium lanceolatum,0.00146
15406,6/11/12,Reimeria sinuata,0.0116
15406,6/11/12,Rhoicosphenia abbreviata,0.375545852
15413,6/11/12,Achnanthidium minutissimum,0.0266
15413,6/11/12,Amphora pediculus,0.00666
15413,6/11/12,Cymbella tumida,0.211314476
15413,6/11/12,Eolimna minima,0.00832
15413,6/11/12,Eolimna subminuscula,0.00499
15413,6/11/12,Melosira varians,0.03
15413,6/11/12,Navicula antonii,0.00998
15413,6/11/12,Navicula gregaria,0.00499
15413,6/11/12,Navicula lanceolata,0.00166
15413,6/11/12,Navicula tripunctata,0.0599
15413,6/11/12,Nitzschia amphibia,0.00333
15413,6/11/12,Reimeria sinuata,0.086522463
15413,6/11/12,Rhoicosphenia abbreviata,0.321131448
15479,6/6/12,Achnanthidium minutissimum,0.0116
15479,6/6/12,Achnanthidium minutissimum var. gracillima,0.0198
15479,6/6/12,Achnanthidium pyrenaicum,0.0132
15479,6/6/12,Amphora pediculus,0.0793
15479,6/6/12,Caloneis bacillum,0.00496
15479,6/6/12,Cyclotella meneghiniana,0.00165
15479,6/6/12,Eolimna minima,0.0264
15479,6/6/12,Melosira varians,0.00496
15479,6/6/12,Navicula gregaria,0.0215
15479,6/6/12,Navicula lanceolata,0.0149
15479,6/6/12,Nitzschia amphibia,0.00496
15479,6/6/12,Nitzschia dissipata,0.00331
15479,6/6/12,Nitzschia inconspicua,0.00165
15479,6/6/12,Nitzschia palea,0.0132
15479,6/6/12,Planothidium frequentissimum,0.0612
15479,6/6/12,Planothidium lanceolatum,0.0215
15479,6/6/12,Reimeria sinuata,0.00331
15479,6/6/12,Rhoicosphenia abbreviata,0.391735537
15479,6/4/13,Achnanthes subhudsonis var. kraeuselii,0.0333
15479,6/4/13,Achnanthidium minutissimum,0.0183
15479,6/4/13,Amphora pediculus,0.11
15479,6/4/13,Caloneis bacillum,0.025
15479,6/4/13,Cyclotella meneghiniana,0.00167
15479,6/4/13,Eolimna minima,0.0433
15479,6/4/13,Fragilaria crotonensis,0.00167
15479,6/4/13,Melosira varians,0.0367
15479,6/4/13,Navicula gregaria,0.106666667
15479,6/4/13,Navicula lanceolata,0.0267
15479,6/4/13,Navicula submuralis,0.0367
15479,6/4/13,Nitzschia dissipata,0.00833
15479,6/4/13,Nitzschia fonticola,0.00167
15479,6/4/13,Nitzschia inconspicua,0.01
15479,6/4/13,Planothidium frequentissimum,0.03
15479,6/4/13,Planothidium lanceolatum,0.00167
15479,6/4/13,Rhoicosphenia abbreviata,0.0267
15479,6/4/14,Achnanthidium minutissimum,0.00161
15479,6/4/14,Achnanthidium pyrenaicum,0.212903226
15479,6/4/14,Amphora pediculus,0.0645
15479,6/4/14,Caloneis bacillum,0.0161
15479,6/4/14,Cyclotella meneghiniana,0.00484
15479,6/4/14,Eolimna minima,0.00645
15479,6/4/14,Melosira varians,0.00806
15479,6/4/14,Navicula antonii,0.00323
15479,6/4/14,Navicula gregaria,0.029
15479,6/4/14,Navicula lanceolata,0.0113
15479,6/4/14,Navicula tripunctata,0.00645
15479,6/4/14,Nitzschia amphibia,0.00323
15479,6/4/14,Nitzschia dissipata,0.00645
15479,6/4/14,Nitzschia inconspicua,0.0129
15479,6/4/14,Nitzschia palea,0.00323
15479,6/4/14,Planothidium frequentissimum,0.079
15479,6/4/14,Planothidium lanceolatum,0.00806
15479,6/4/14,Reimeria sinuata,0.00968
15479,6/4/14,Rhoicosphenia abbreviata,0.0871
15479,7/1/15,Achnanthes subhudsonis var. kraeuselii,0.005
15479,7/1/15,Achnanthidium minutissimum,0.106666667
15479,7/1/15,Amphora pediculus,0.045
15479,7/1/15,Caloneis bacillum,0.005
15479,7/1/15,Cyclotella meneghiniana,0.00333
15479,7/1/15,Mayamaea permitis,0.00333
15479,7/1/15,Melosira varians,0.00833
15479,7/1/15,Navicula gregaria,0.0383
15479,7/1/15,Navicula lanceolata,0.0117
15479,7/1/15,Navicula submuralis,0.01
15479,7/1/15,Navicula tripunctata,0.015
15479,7/1/15,Nitzschia dissipata,0.00667
15479,7/1/15,Nitzschia inconspicua,0.00167
15479,7/1/15,Nitzschia palea,0.015
15479,7/1/15,Planothidium frequentissimum,0.0483
15479,7/1/15,Planothidium lanceolatum,0.0283
15479,7/1/15,Reimeria sinuata,0.00667
15479,7/1/15,Rhoicosphenia abbreviata,0.163333333
15479,6/1/16,Achnanthes subhudsonis var. kraeuselii,0.00452
15479,6/1/16,Achnanthidium minutissimum,0.359939759
15479,6/1/16,Amphora pediculus,0.0813
15479,6/1/16,Caloneis bacillum,0.012
15479,6/1/16,Cyclotella meneghiniana,0.00151
15479,6/1/16,Mayamaea permitis,0.00904
15479,6/1/16,Melosira varians,0.0256
15479,6/1/16,Navicula cryptotenella,0.00301
15479,6/1/16,Navicula gregaria,0.0181
15479,6/1/16,Navicula lanceolata,0.00452
15479,6/1/16,Navicula tripunctata,0.00151
15479,6/1/16,Nitzschia amphibia,0.00904
15479,6/1/16,Nitzschia fonticola,0.00301
15479,6/1/16,Nitzschia inconspicua,0.00602
15479,6/1/16,Nitzschia palea,0.00452
15479,6/1/16,Planothidium frequentissimum,0.0377
15479,6/1/16,Planothidium lanceolatum,0.012
15479,6/1/16,Reimeria sinuata,0.00753
15479,6/1/16,Rhoicosphenia abbreviata,0.0211
15479,6/1/16,Sellaphora atomoides,0.0437
15520,6/19/14,Achnanthidium minutissimum,0.55221519
15520,6/19/14,Eunotia implicata,0.0522
15520,6/19/14,Eunotia minor,0.0459
15520,6/19/14,Nitzschia dissipata,0.00158
15520,6/19/14,Planothidium frequentissimum,0.00316
15520,6/19/14,Psammothidium subatomoides,0.00633
15703,7/2/12,Achnanthidium minutissimum,0.418439716
15703,7/2/12,Cymbella tumida,0.346099291
15703,7/2/12,Eunotia exigua,0.00567
15703,7/2/12,Melosira varians,0.00851
15703,7/2/12,Navicula gregaria,0.00142
15703,7/2/12,Nitzschia amphibia,0.00284
15703,7/2/12,Nitzschia palea,0.00709
15703,7/2/12,Planothidium lanceolatum,0.00284
15703,7/2/12,Rossithidium pusillum,0.00284
15796,7/3/13,Achnanthes subhudsonis var. kraeuselii,0.00333
15796,7/3/13,Achnanthidium minutissimum,0.618333333
15796,7/3/13,Amphora pediculus,0.00167
15796,7/3/13,Eunotia implicata,0.0283
15796,7/3/13,Melosira varians,0.00167
15796,7/3/13,Navicula cryptotenella,0.00333
15796,7/3/13,Nitzschia dissipata,0.005
15796,7/3/13,Rossithidium linearis,0.00167
15796,7/3/13,Rossithidium pusillum,0.00833
15837,7/3/12,Achnanthes subhudsonis var. kraeuselii,0.00492
15837,7/3/12,Achnanthidium minutissimum,0.404918033
15837,7/3/12,Cyclotella meneghiniana,0.00164
15837,7/3/12,Eolimna minima,0.00164
15837,7/3/12,Melosira varians,0.0115
15837,7/3/12,Navicula gregaria,0.0115
15837,7/3/12,Navicula lanceolata,0.00164
15837,7/3/12,Nitzschia palea,0.00984
15837,7/3/12,Planothidium frequentissimum,0.00328
15837,7/3/12,Reimeria sinuata,0.00164
15837,7/3/12,Rhoicosphenia abbreviata,0.0131
15837,7/3/12,Rossithidium linearis,0.0082
15837,7/3/12,Rossithidium pusillum,0.0574
15858,6/20/13,Achnanthes subhudsonis var. kraeuselii,0.00333
15858,6/20/13,Achnanthidium minutissimum,0.0933
15858,6/20/13,Amphora pediculus,0.0167
15858,6/20/13,Caloneis bacillum,0.00667
15858,6/20/13,Eolimna minima,0.005
15858,6/20/13,Eunotia implicata,0.01
15858,6/20/13,Fragilaria crotonensis,0.01
15858,6/20/13,Melosira varians,0.0233
15858,6/20/13,Navicula antonii,0.00333
15858,6/20/13,Navicula cryptotenella,0.0167
15858,6/20/13,Navicula gregaria,0.02
15858,6/20/13,Navicula lanceolata,0.005
15858,6/20/13,Nitzschia dissipata,0.00167
15858,6/20/13,Nitzschia palea,0.00667
15858,6/20/13,Planothidium frequentissimum,0.005
15858,6/20/13,Planothidium lanceolatum,0.00167
15858,6/20/13,Rhoicosphenia abbreviata,0.00333
15858,6/20/13,Rossithidium linearis,0.0133
15858,6/20/13,Rossithidium pusillum,0.0467
15964,6/14/12,Achnanthidium minutissimum,0.128038898
15964,6/14/12,Amphora pediculus,0.013
15964,6/14/12,Caloneis bacillum,0.00162
15964,6/14/12,Cyclotella meneghiniana,0.00648
15964,6/14/12,Eolimna minima,0.00162
15964,6/14/12,Eunotia implicata,0.00324
15964,6/14/12,Melosira varians,0.00324
15964,6/14/12,Navicula antonii,0.00162
15964,6/14/12,Navicula gregaria,0.0081
15964,6/14/12,Nitzschia fonticola,0.00324
15964,6/14/12,Nitzschia inconspicua,0.0081
15964,6/14/12,Nitzschia palea,0.00324
15964,6/14/12,Planothidium frequentissimum,0.0713
15964,6/14/12,Planothidium lanceolatum,0.00648
15964,6/14/12,Reimeria sinuata,0.0081
15964,6/14/12,Rhoicosphenia abbreviata,0.0227
15964,6/14/12,Rossithidium linearis,0.0081
15993,6/23/15,Achnanthes subhudsonis var. kraeuselii,0.0181
15993,6/23/15,Achnanthidium minutissimum,0.405271829
15993,6/23/15,Mayamaea permitis,0.00165
15993,6/23/15,Melosira varians,0.00494
15993,6/23/15,Navicula cryptotenella,0.00659
15993,6/23/15,Navicula gregaria,0.014827018
15993,6/23/15,Nitzschia dissipata,0.00329
15993,6/23/15,Nitzschia fonticola,0.00659
15993,6/23/15,Nitzschia inconspicua,0.227347611
15993,6/23/15,Nitzschia palea,0.00659
15993,6/23/15,Planothidium frequentissimum,0.00329
15993,6/23/15,Reimeria sinuata,0.0247
16022,6/3/15,Achnanthidium minutissimum,0.455
16022,6/3/15,Achnanthidium pyrenaicum,0.005
16022,6/3/15,Melosira varians,0.00167
16022,6/3/15,Nitzschia inconspicua,0.005
16022,6/3/15,Planothidium lanceolatum,0.00833
16022,6/3/15,Reimeria sinuata,0.015
16049,6/23/15,Achnanthes subhudsonis var. kraeuselii,0.159277504
16049,6/23/15,Achnanthidium minutissimum,0.197044335
16049,6/23/15,Navicula gregaria,0.00164
16049,6/23/15,Navicula lanceolata,0.00164
16049,6/23/15,Nitzschia amphibia,0.00164
16049,6/23/15,Nitzschia inconspicua,0.0558
16049,6/23/15,Nitzschia palea,0.00164
16049,6/23/15,Planothidium frequentissimum,0.0197
16049,6/23/15,Reimeria sinuata,0.0443
16049,6/23/15,Rhoicosphenia abbreviata,0.0164
16050,6/2/16,Achnanthes subhudsonis var. kraeuselii,0.059504132
16050,6/2/16,Achnanthidium minutissimum,0.175206612
16050,6/2/16,Achnanthidium minutissimum var. gracillima,0.00331
16050,6/2/16,Amphora pediculus,0.00331
16050,6/2/16,Eolimna subminuscula,0.00331
16050,6/2/16,Mayamaea permitis,0.00661
16050,6/2/16,Navicula cryptotenella,0.00165
16050,6/2/16,Navicula gregaria,0.043
16050,6/2/16,Navicula lanceolata,0.00331
16050,6/2/16,Nitzschia amphibia,0.00826
16050,6/2/16,Nitzschia dissipata,0.00496
16050,6/2/16,Nitzschia fonticola,0.00165
16050,6/2/16,Nitzschia inconspicua,0.242975207
16050,6/2/16,Nitzschia palea,0.00165
16050,6/2/16,Planothidium frequentissimum,0.00992
16050,6/2/16,Reimeria sinuata,0.0149
16050,6/2/16,Rhoicosphenia abbreviata,0.0463
16050,6/2/16,Sellaphora atomoides,0.0231
16122,6/22/12,Achnanthidium minutissimum,0.473837209
16122,6/22/12,Achnanthidium minutissimum var. gracillima,0.0203
16122,6/22/12,Cymbella tumida,0.0509
16122,6/22/12,Navicula antonii,0.00145
16122,6/22/12,Nitzschia palea,0.00436
16122,6/22/12,Reimeria sinuata,0.00581
16122,6/22/12,Rossithidium linearis,0.00581
16122,6/22/12,Rossithidium pusillum,0.00145
16125,6/30/15,Achnanthidium minutissimum,0.525790349
16125,6/30/15,Amphora pediculus,0.00499
16125,6/30/15,Caloneis bacillum,0.00333
16125,6/30/15,Eunotia implicata,0.00832
16125,6/30/15,Navicula cryptotenella,0.00166
16125,6/30/15,Navicula cryptotenelloides,0.00499
16125,6/30/15,Navicula gregaria,0.00166
16125,6/30/15,Nitzschia inconspicua,0.00499
16125,6/30/15,Planothidium frequentissimum,0.00166
16125,6/30/15,Reimeria sinuata,0.00166
16128,6/11/14,Achnanthes subhudsonis var. kraeuselii,0.00158
16128,6/11/14,Achnanthidium minutissimum,0.152139461
16128,6/11/14,Achnanthidium pyrenaicum,0.00158
16128,6/11/14,Eolimna minima,0.00158
16128,6/11/14,Navicula antonii,0.00634
16128,6/11/14,Reimeria sinuata,0.00317
16144,6/18/13,Achnanthes subhudsonis var. kraeuselii,0.02
16144,6/18/13,Achnanthidium minutissimum,0.508333333
16144,6/18/13,Eolimna minima,0.00333
16144,6/18/13,Nitzschia palea,0.00333
16191,6/1/15,Achnanthes subhudsonis var. kraeuselii,0.00331
16191,6/1/15,Achnanthidium minutissimum,0.57615894
16191,6/1/15,Achnanthidium minutissimum var. gracillima,0.00331
16191,6/1/15,Planothidium frequentissimum,0.00497
16191,6/1/15,Psammothidium subatomoides,0.00166
16191,6/1/15,Reimeria sinuata,0.033112583
16239,7/3/12,Achnanthidium minutissimum,0.26128591
16239,7/3/12,Achnanthidium pyrenaicum,0.00274
16239,7/3/12,Cymbella tumida,0.0301
16239,7/3/12,Melosira varians,0.108071135
16239,7/3/12,Navicula antonii,0.00137
16239,7/3/12,Navicula gregaria,0.0041
16239,7/3/12,Navicula lanceolata,0.00137
16239,7/3/12,Nitzschia palea,0.0041
16239,7/3/12,Reimeria sinuata,0.00137
16239,7/3/12,Rhoicosphenia abbreviata,0.0041
16239,7/3/12,Rossithidium linearis,0.00547
16239,7/3/12,Rossithidium pusillum,0.00137
16258,7/3/12,Achnanthidium minutissimum,0.601351351
16258,7/3/12,Achnanthidium minutissimum var. gracillima,0.145945946
16258,7/3/12,Eunotia exigua,0.0216
16258,7/3/12,Rossithidium pusillum,0.0243
16268,6/16/15,Achnanthes subhudsonis var. kraeuselii,0.00493
16268,6/16/15,Achnanthidium minutissimum,0.139573071
16268,6/16/15,Caloneis bacillum,0.00493
16268,6/16/15,Cyclotella meneghiniana,0.00164
16268,6/16/15,Eunotia minor,0.013136289
16268,6/16/15,Fragilaria crotonensis,0.0115
16268,6/16/15,Melosira varians,0.00493
16268,6/16/15,Navicula cryptotenella,0.013136289
16268,6/16/15,Navicula gregaria,0.00493
16268,6/16/15,Nitzschia dissipata,0.00328
16268,6/16/15,Nitzschia palea,0.00493
16268,6/16/15,Psammothidium subatomoides,0.00328
16311,6/12/12,Achnanthes subhudsonis var. kraeuselii,0.00468
16311,6/12/12,Achnanthidium minutissimum,0.025
16311,6/12/12,Cyclotella meneghiniana,0.00156
16311,6/12/12,Eolimna minima,0.00156
16311,6/12/12,Eunotia implicata,0.00156
16311,6/12/12,Melosira varians,0.00624
16311,6/12/12,Nitzschia palea,0.00156
16311,6/12/12,Planothidium frequentissimum,0.00312
16385,7/2/12,Achnanthidium minutissimum,0.435413643
16385,7/2/12,Amphora pediculus,0.00145
16385,7/2/12,Eunotia exigua,0.016
16385,7/2/12,Melosira varians,0.00871
16385,7/2/12,Nitzschia palea,0.00581
16385,7/2/12,Planothidium lanceolatum,0.00435
16385,7/2/12,Rossithidium linearis,0.00145
16385,7/2/12,Rossithidium pusillum,0.01161103
16428,6/18/13,Achnanthes subhudsonis var. kraeuselii,0.00833
16428,6/18/13,Achnanthidium minutissimum,0.468333333
16428,6/18/13,Achnanthidium pyrenaicum,0.005
16428,6/18/13,Amphora pediculus,0.00833
16428,6/18/13,Eolimna minima,0.005
16428,6/18/13,Melosira varians,0.005
16428,6/18/13,Nitzschia dissipata,0.00333
16428,6/18/13,Nitzschia palea,0.00333
16428,6/18/13,Planothidium frequentissimum,0.005
16428,6/18/13,Planothidium lanceolatum,0.00333
16428,6/18/13,Reimeria sinuata,0.055
16428,6/18/13,Rhoicosphenia abbreviata,0.0533
16440,6/21/12,Achnanthes subhudsonis var. kraeuselii,0.0478
16440,6/21/12,Achnanthidium minutissimum,0.0231
16440,6/21/12,Amphora pediculus,0.00309
16440,6/21/12,Caloneis bacillum,0.00154
16440,6/21/12,Eolimna minima,0.00617
16440,6/21/12,Eolimna subminuscula,0.00309
16440,6/21/12,Melosira varians,0.00154
16440,6/21/12,Navicula antonii,0.00154
16440,6/21/12,Nitzschia palea,0.00617
16440,6/21/12,Planothidium frequentissimum,0.00309
16440,6/21/12,Planothidium lanceolatum,0.00772
16440,6/21/12,Reimeria sinuata,0.0123
16440,6/21/12,Rhoicosphenia abbreviata,0.00617
16440,6/21/12,Rossithidium linearis,0.00154
16505,6/13/12,Achnanthidium minutissimum,0.546296296
16505,6/13/12,Achnanthidium minutissimum var. gracillima,0.00309
16505,6/13/12,Eunotia exigua,0.00154
16505,6/13/12,Eunotia implicata,0.316358025
16505,6/13/12,Melosira varians,0.00154
16505,6/13/12,Navicula gregaria,0.00154
16505,6/13/12,Nitzschia dissipata,0.00309
16505,6/13/12,Planothidium lanceolatum,0.00154
16524,6/30/15,Achnanthes subhudsonis var. kraeuselii,0.00326
16524,6/30/15,Achnanthidium minutissimum,0.0375
16524,6/30/15,Achnanthidium pyrenaicum,0.182707993
16524,6/30/15,Amphora pediculus,0.0212
16524,6/30/15,Caloneis bacillum,0.00489
16524,6/30/15,Navicula cryptotenella,0.00163
16524,6/30/15,Navicula tripunctata,0.00326
16524,6/30/15,Planothidium frequentissimum,0.0228
16524,6/30/15,Planothidium lanceolatum,0.00163
16524,6/30/15,Reimeria sinuata,0.0359
16583,6/19/13,Achnanthes subhudsonis var. kraeuselii,0.0217
16583,6/19/13,Achnanthidium minutissimum,0.176666667
16583,6/19/13,Amphora pediculus,0.226666667
16583,6/19/13,Caloneis bacillum,0.00333
16583,6/19/13,Eolimna minima,0.0583
16583,6/19/13,Navicula cryptotenella,0.00333
16583,6/19/13,Navicula gregaria,0.01
16583,6/19/13,Navicula lanceolata,0.01
16583,6/19/13,Nitzschia dissipata,0.005
16583,6/19/13,Nitzschia inconspicua,0.055
16583,6/19/13,Nitzschia palea,0.00167
16583,6/19/13,Planothidium frequentissimum,0.05
16583,6/19/13,Planothidium lanceolatum,0.00333
16583,6/19/13,Psammothidium subatomoides,0.00833
16583,6/19/13,Reimeria sinuata,0.0133
16583,6/19/13,Rhoicosphenia abbreviata,0.01
16583,6/19/13,Rossithidium linearis,0.00333
16588,6/19/13,Achnanthidium minutissimum,0.285
16588,6/19/13,Achnanthidium pyrenaicum,0.00333
16588,6/19/13,Amphora pediculus,0.133333333
16588,6/19/13,Eolimna minima,0.0267
16588,6/19/13,Fragilaria crotonensis,0.00333
16588,6/19/13,Navicula antonii,0.00333
16588,6/19/13,Navicula cryptotenella,0.00333
16588,6/19/13,Navicula gregaria,0.0283
16588,6/19/13,Navicula lanceolata,0.00167
16588,6/19/13,Navicula tripunctata,0.005
16588,6/19/13,Nitzschia amphibia,0.00167
16588,6/19/13,Nitzschia dissipata,0.0133
16588,6/19/13,Nitzschia fonticola,0.00333
16588,6/19/13,Nitzschia inconspicua,0.05
16588,6/19/13,Planothidium frequentissimum,0.0317
16588,6/19/13,Planothidium lanceolatum,0.02
16588,6/19/13,Psammothidium subatomoides,0.02
16588,6/19/13,Reimeria sinuata,0.0267
16588,6/19/13,Rhoicosphenia abbreviata,0.015
16599,6/3/15,Achnanthidium minutissimum,0.0585
16599,6/3/15,Achnanthidium pyrenaicum,0.609756098
16599,6/3/15,Amphora pediculus,0.0276
16599,6/3/15,Mayamaea permitis,0.00325
16599,6/3/15,Navicula cryptotenella,0.0065
16599,6/3/15,Navicula gregaria,0.00325
16599,6/3/15,Navicula lanceolata,0.00488
16599,6/3/15,Navicula tripunctata,0.00488
16599,6/3/15,Nitzschia inconspicua,0.00163
16599,6/3/15,Reimeria sinuata,0.00813
16599,6/3/15,Rhoicosphenia abbreviata,0.0065
16603,6/21/12,Achnanthidium minutissimum,0.691358025
16603,6/21/12,Achnanthidium pyrenaicum,0.00137
16603,6/21/12,Caloneis bacillum,0.00137
16603,6/21/12,Cyclotella meneghiniana,0.00137
16603,6/21/12,Eunotia implicata,0.0439
16603,6/21/12,Nitzschia fonticola,0.00274
16603,6/21/12,Rossithidium linearis,0.00137
16679,6/24/14,Achnanthes subhudsonis var. kraeuselii,0.012987013
16679,6/24/14,Achnanthidium minutissimum,0.0666
16679,6/24/14,Amphora pediculus,0.00325
16679,6/24/14,Cyclotella meneghiniana,0.00325
16679,6/24/14,Eolimna minima,0.00162
16679,6/24/14,Eunotia minor,0.0114
16679,6/24/14,Navicula antonii,0.0162
16679,6/24/14,Navicula gregaria,0.012987013
16679,6/24/14,Nitzschia dissipata,0.00325
16679,6/24/14,Nitzschia fonticola,0.00162
16679,6/24/14,Planothidium frequentissimum,0.0308
16679,6/24/14,Planothidium lanceolatum,0.0308
16679,6/24/14,Psammothidium subatomoides,0.0162
16679,6/24/14,Rhoicosphenia abbreviata,0.00325
16679,6/24/14,Rossithidium linearis,0.00162
16758,7/2/12,Achnanthidium minutissimum,0.912912913
16758,7/2/12,Cymbella tumida,0.033033033
16758,7/2/12,Eunotia exigua,0.024024024
16758,7/2/12,Rossithidium linearis,0.0015
16833,6/24/14,Achnanthes subhudsonis var. kraeuselii,0.00413
16833,6/24/14,Achnanthidium minutissimum,0.0579
16833,6/24/14,Eolimna minima,0.0372
16833,6/24/14,Eolimna subminuscula,0.00413
16833,6/24/14,Eunotia implicata,0.0248
16833,6/24/14,Eunotia minor,0.0537
16833,6/24/14,Navicula antonii,0.00826
16833,6/24/14,Nitzschia fonticola,0.00826
16833,6/24/14,Planothidium frequentissimum,0.0372
16833,6/24/14,Psammothidium subatomoides,0.148760331
16846,6/13/12,Achnanthidium minutissimum,0.647619048
16846,6/13/12,Achnanthidium minutissimum var. gracillima,0.00317
16846,6/13/12,Eunotia implicata,0.0635
16846,6/13/12,Rhoicosphenia abbreviata,0.00317
16851,6/5/13,Achnanthidium minutissimum,0.0983
16851,6/5/13,Achnanthidium pyrenaicum,0.381666667
16851,6/5/13,Amphora pediculus,0.0217
16851,6/5/13,Cyclotella meneghiniana,0.00167
16851,6/5/13,Eolimna minima,0.00167
16851,6/5/13,Fragilaria crotonensis,0.00333
16851,6/5/13,Melosira varians,0.0417
16851,6/5/13,Navicula antonii,0.00833
16851,6/5/13,Navicula cryptotenella,0.00667
16851,6/5/13,Navicula gregaria,0.0283
16851,6/5/13,Navicula lanceolata,0.0183
16851,6/5/13,Navicula tripunctata,0.0183
16851,6/5/13,Nitzschia dissipata,0.00667
16851,6/5/13,Nitzschia palea,0.00167
16851,6/5/13,Reimeria sinuata,0.0133
16851,6/5/13,Rhoicosphenia abbreviata,0.02
16881,6/10/13,Achnanthidium minutissimum,0.468333333
16881,6/10/13,Amphora pediculus,0.0567
16881,6/10/13,Caloneis bacillum,0.00167
16881,6/10/13,Eolimna minima,0.0283
16881,6/10/13,Navicula gregaria,0.00333
16881,6/10/13,Navicula lanceolata,0.00167
16881,6/10/13,Navicula tripunctata,0.00167
16881,6/10/13,Nitzschia dissipata,0.00167
16881,6/10/13,Rhoicosphenia abbreviata,0.05
16881,6/10/13,Rossithidium linearis,0.0117
16881,6/10/13,Rossithidium pusillum,0.0167
16885,6/10/14,Achnanthidium minutissimum,0.0683
16885,6/10/14,Eolimna minima,0.00333
16885,6/10/14,Navicula gregaria,0.00167
16928,6/10/14,Achnanthes subhudsonis var. kraeuselii,0.00163
16928,6/10/14,Achnanthidium minutissimum,0.052
16928,6/10/14,Eolimna minima,0.00325
16928,6/10/14,Navicula antonii,0.00325
16928,6/10/14,Navicula cryptotenella,0.00325
16928,6/10/14,Navicula gregaria,0.00163
16928,6/10/14,Nitzschia inconspicua,0.00163
16928,6/10/14,Planothidium frequentissimum,0.00813
16928,6/10/14,Psammothidium subatomoides,0.0065
16928,6/10/14,Reimeria sinuata,0.013
16928,6/10/14,Rossithidium linearis,0.00325
16972,6/17/15,Achnanthes subhudsonis var. kraeuselii,0.0231
16972,6/17/15,Achnanthidium minutissimum,0.501650165
16972,6/17/15,Achnanthidium pyrenaicum,0.0033
16972,6/17/15,Amphora pediculus,0.0033
16972,6/17/15,Melosira varians,0.0033
16972,6/17/15,Navicula cryptotenella,0.0066
16972,6/17/15,Nitzschia inconspicua,0.0066
16972,6/17/15,Planothidium frequentissimum,0.00825
16972,6/17/15,Psammothidium subatomoides,0.0033
16984,6/8/15,Achnanthes subhudsonis var. kraeuselii,0.00499
16984,6/8/15,Achnanthidium minutissimum,0.291181364
16984,6/8/15,Amphora pediculus,0.015
16984,6/8/15,Navicula gregaria,0.00832
16984,6/8/15,Navicula lanceolata,0.015
16984,6/8/15,Nitzschia inconspicua,0.021630616
16984,6/8/15,Planothidium frequentissimum,0.0383
16984,6/8/15,Planothidium lanceolatum,0.00166
16984,6/8/15,Psammothidium subatomoides,0.00166
16984,6/8/15,Reimeria sinuata,0.0882
16984,6/8/15,Rhoicosphenia abbreviata,0.021630616
17061,6/10/13,Achnanthidium minutissimum,0.321666667
17061,6/10/13,Eolimna minima,0.00667
17061,6/10/13,Eunotia implicata,0.005
17061,6/10/13,Rossithidium pusillum,0.00333
17181,6/22/15,Achnanthidium minutissimum,0.448613377
17181,6/22/15,Amphora pediculus,0.0131
17181,6/22/15,Cyclotella meneghiniana,0.00163
17181,6/22/15,Cymbella tumida,0.00163
17181,6/22/15,Fragilaria crotonensis,0.00326
17181,6/22/15,Navicula cryptotenella,0.0147
17181,6/22/15,Navicula cryptotenelloides,0.00326
17181,6/22/15,Navicula gregaria,0.00653
17181,6/22/15,Navicula tripunctata,0.00163
17181,6/22/15,Nitzschia dissipata,0.00489
17181,6/22/15,Nitzschia fonticola,0.00326
17181,6/22/15,Nitzschia inconspicua,0.0277
17181,6/22/15,Nitzschia palea,0.0228
17181,6/22/15,Planothidium frequentissimum,0.0114
17181,6/22/15,Reimeria sinuata,0.0734
17181,6/22/15,Rhoicosphenia abbreviata,0.00326
17201,6/10/13,Achnanthidium minutissimum,0.005
17201,6/10/13,Eolimna minima,0.0283
17201,6/10/13,Eunotia implicata,0.118333333
17201,6/10/13,Melosira varians,0.00333
17201,6/10/13,Nitzschia dissipata,0.00167
17201,6/10/13,Psammothidium subatomoides,0.0667
17271,6/14/12,Achnanthidium minutissimum,0.148514851
17271,6/14/12,Cymbella tumida,0.00165
17271,6/14/12,Eunotia implicata,0.0033
17271,6/14/12,Fragilaria crotonensis,0.00165
17271,6/14/12,Melosira varians,0.0066
17271,6/14/12,Navicula gregaria,0.0033
17271,6/14/12,Nitzschia palea,0.0182
17271,6/14/12,Planothidium lanceolatum,0.00825
17271,6/14/12,Rossithidium linearis,0.0231
17295,6/27/14,Achnanthidium minutissimum,0.679092382
17295,6/27/14,Amphora pediculus,0.00324
17295,6/27/14,Eolimna subminuscula,0.00162
17295,6/27/14,Navicula cryptotenella,0.0146
17295,6/27/14,Navicula gregaria,0.00162
17342,6/24/15,Achnanthes subhudsonis var. kraeuselii,0.01
17342,6/24/15,Achnanthidium minutissimum,0.171666667
17342,6/24/15,Achnanthidium pyrenaicum,0.31
17342,6/24/15,Amphora pediculus,0.00667
17342,6/24/15,Melosira varians,0.00333
17342,6/24/15,Navicula cryptotenella,0.01
17342,6/24/15,Navicula cryptotenelloides,0.00667
17342,6/24/15,Navicula gregaria,0.01
17342,6/24/15,Navicula tripunctata,0.00333
17342,6/24/15,Nitzschia inconspicua,0.0267
17342,6/24/15,Planothidium frequentissimum,0.04
17342,6/24/15,Planothidium lanceolatum,0.00167
17342,6/24/15,Reimeria sinuata,0.0633
17342,6/24/15,Rhoicosphenia abbreviata,0.00167
17398,6/14/12,Achnanthidium minutissimum,0.0179
17398,6/14/12,Achnanthidium minutissimum var. gracillima,0.00298
17398,6/14/12,Eolimna minima,0.00149
17398,6/14/12,Eunotia implicata,0.0537
17398,6/14/12,Rossithidium linearis,0.00149
17565,6/17/14,Achnanthidium minutissimum,0.311793215
17565,6/17/14,Eunotia minor,0.00808
17565,6/17/14,Nitzschia dissipata,0.00323
17565,6/17/14,Planothidium lanceolatum,0.00485
17565,6/17/14,Psammothidium subatomoides,0.00808
17568,6/16/14,Achnanthidium minutissimum,0.102803738
17568,6/16/14,Eunotia implicata,0.00156
17568,6/16/14,Eunotia minor,0.0156
17568,6/16/14,Nitzschia dissipata,0.00312
17568,6/16/14,Psammothidium subatomoides,0.00156
17568,6/16/14,Rossithidium linearis,0.00935
17816,6/25/14,Achnanthidium minutissimum,0.0365
17816,6/25/14,Eolimna minima,0.0435
17816,6/25/14,Eunotia implicata,0.00281
17816,6/25/14,Eunotia minor,0.014
17816,6/25/14,Nitzschia dissipata,0.0014
17816,6/25/14,Psammothidium subatomoides,0.241234222
17852,6/25/14,Achnanthidium minutissimum,0.0224
17852,6/25/14,Eunotia exigua,0.0848
17852,6/25/14,Eunotia implicata,0.0432
17852,6/25/14,Eunotia minor,0.056
17852,6/25/14,Psammothidium subatomoides,0.0096
18158,6/7/12,Achnanthes subhudsonis var. kraeuselii,0.00518
18158,6/7/12,Achnanthidium minutissimum,0.0337
18158,6/7/12,Achnanthidium pyrenaicum,0.00518
18158,6/7/12,Eunotia implicata,0.00518
18158,6/7/12,Melosira varians,0.00259
18158,6/7/12,Navicula antonii,0.00518
18158,6/7/12,Nitzschia fonticola,0.00777
18158,6/7/12,Planothidium lanceolatum,0.0699
18158,6/7/12,Reimeria sinuata,0.186528497
18158,6/7/12,Rhoicosphenia abbreviata,0.013
18158,6/7/12,Rossithidium pusillum,0.00259
18159,7/3/12,Achnanthidium minutissimum,0.0362
18159,7/3/12,Achnanthidium pyrenaicum,0.0126
18159,7/3/12,Caloneis bacillum,0.00157
18159,7/3/12,Eunotia exigua,0.0063
18159,7/3/12,Melosira varians,0.00945
18159,7/3/12,Navicula gregaria,0.00472
18159,7/3/12,Navicula lanceolata,0.00157
18159,7/3/12,Reimeria sinuata,0.00945
18159,7/3/12,Rhoicosphenia abbreviata,0.00945
18463,6/20/13,Achnanthes subhudsonis var. kraeuselii,0.101666667
18463,6/20/13,Achnanthidium minutissimum,0.0183
18463,6/20/13,Amphora pediculus,0.0533
18463,6/20/13,Caloneis bacillum,0.00333
18463,6/20/13,Eolimna minima,0.0983
18463,6/20/13,Melosira varians,0.0167
18463,6/20/13,Navicula antonii,0.00667
18463,6/20/13,Navicula cryptotenella,0.00833
18463,6/20/13,Navicula gregaria,0.0267
18463,6/20/13,Navicula lanceolata,0.00667
18463,6/20/13,Navicula submuralis,0.0167
18463,6/20/13,Nitzschia dissipata,0.00167
18463,6/20/13,Nitzschia inconspicua,0.0867
18463,6/20/13,Nitzschia palea,0.00333
18463,6/20/13,Planothidium frequentissimum,0.16
18463,6/20/13,Planothidium lanceolatum,0.0133
18463,6/20/13,Reimeria sinuata,0.00333
18463,6/20/13,Rhoicosphenia abbreviata,0.0183
18874,6/3/15,Achnanthidium minutissimum,0.275577558
18874,6/3/15,Achnanthidium pyrenaicum,0.0116
18874,6/3/15,Melosira varians,0.0033
18874,6/3/15,Navicula cryptotenella,0.00495
18874,6/3/15,Navicula gregaria,0.00165
18874,6/3/15,Navicula lanceolata,0.0033
18874,6/3/15,Nitzschia inconspicua,0.00165
18874,6/3/15,Reimeria sinuata,0.0347
18875,6/3/15,Achnanthidium minutissimum,0.00643
18875,6/3/15,Achnanthidium pyrenaicum,0.779742765
18875,6/3/15,Amphora pediculus,0.00161
18875,6/3/15,Mayamaea permitis,0.00161
18875,6/3/15,Navicula gregaria,0.00643
18875,6/3/15,Nitzschia inconspicua,0.067524116
18875,6/3/15,Planothidium frequentissimum,0.00322
18875,6/3/15,Reimeria sinuata,0.0145
18875,6/3/15,Rhoicosphenia abbreviata,0.00322
18876,6/16/15,Achnanthes subhudsonis var. kraeuselii,0.0167
18876,6/16/15,Achnanthidium minutissimum,0.371666667
18876,6/16/15,Amphora pediculus,0.005
18876,6/16/15,Navicula gregaria,0.005
18876,6/16/15,Nitzschia dissipata,0.00333
18876,6/16/15,Nitzschia inconspicua,0.00333
18876,6/16/15,Nitzschia palea,0.005
18876,6/16/15,Planothidium frequentissimum,0.00333
18876,6/16/15,Psammothidium subatomoides,0.00167
18876,6/16/15,Reimeria sinuata,0.00333
18876,6/16/15,Rhoicosphenia abbreviata,0.00333
18877,6/22/15,Achnanthidium minutissimum,0.51
18877,6/22/15,Achnanthidium minutissimum var. gracillima,0.00167
18877,6/22/15,Cyclotella meneghiniana,0.00167
18877,6/22/15,Nitzschia amphibia,0.00333
18881,6/17/15,Achnanthes subhudsonis var. kraeuselii,0.0459
18881,6/17/15,Achnanthidium minutissimum,0.0738
18881,6/17/15,Achnanthidium pyrenaicum,0.0082
18881,6/17/15,Fistulifera saprophila,0.0623
18881,6/17/15,Fragilaria crotonensis,0.00164
18881,6/17/15,Mayamaea permitis,0.0115
18881,6/17/15,Navicula cryptotenella,0.0279
18881,6/17/15,Navicula gregaria,0.00328
18881,6/17/15,Navicula submuralis,0.00328
18881,6/17/15,Nitzschia amphibia,0.00492
18881,6/17/15,Nitzschia dissipata,0.00328
18881,6/17/15,Nitzschia fonticola,0.0721
18881,6/17/15,Nitzschia inconspicua,0.137704918
18881,6/17/15,Nitzschia palea,0.040983607
18881,6/17/15,Reimeria sinuata,0.039344262
18881,6/17/15,Rhoicosphenia abbreviata,0.0262
18882,6/16/15,Achnanthidium minutissimum,0.58677686
18882,6/16/15,Eunotia minor,0.00496
18882,6/16/15,Nitzschia palea,0.00331
18882,6/16/15,Psammothidium subatomoides,0.0116
18883,6/1/15,Achnanthidium minutissimum,0.761589404
18883,6/1/15,Achnanthidium pyrenaicum,0.0315
18883,6/1/15,Fragilaria crotonensis,0.00662
18883,6/1/15,Psammothidium subatomoides,0.00166
18884,6/17/15,Achnanthidium minutissimum,0.0883
18884,6/17/15,Achnanthidium pyrenaicum,0.69
18884,6/17/15,Fragilaria crotonensis,0.00667
18884,6/17/15,Navicula cryptotenella,0.00833
18884,6/17/15,Navicula tripunctata,0.00167
18884,6/17/15,Nitzschia amphibia,0.00167
18884,6/17/15,Nitzschia dissipata,0.005
18884,6/17/15,Nitzschia fonticola,0.02
18884,6/17/15,Nitzschia inconspicua,0.0217
18884,6/17/15,Reimeria sinuata,0.0133
18884,6/17/15,Rhoicosphenia abbreviata,0.005
